time,root_position,neck,shoulder_l,shoulder_r,elbow_l,elbow_r,hip_l,hip_r,knee_l,knee_r
0,"(0, 0, 0)","(0.005211, 0.919371, 0.393357)","(-0.52031, -0.733721, -0.436957)","(0.263408, -0.373057, -0.889632)","(-0.263314, -0.920797, 0.287747)","(0.326049, -0.756058, 0.567511)","(0.095226, -0.963242, 0.25119)","(-0.042175, -0.534185, 0.844315)","(0.09191, -0.916095, -0.390284)","(0.017749, -0.239403, -0.970758)"
0.11018,"(-0.000038, 0.028857, -0.010327)","(-0.002132, 0.904605, 0.426246)","(-0.631024, -0.775429, -0.022776)","(0.235373, -0.150341, -0.960207)","(-0.194196, -0.609158, 0.768905)","(0.228452, -0.954392, 0.192211)","(0.093327, -0.976962, 0.191923)","(-0.067043, -0.18724, 0.980024)","(0.090787, -0.934539, -0.344086)","(0.018399, -0.872703, -0.487905)"
0.191292,"(-0.000032, -0.084948, -0.008953)","(-0.036356, 0.998041, 0.05091)","(-0.699585, -0.628625, 0.339723)","(0.314926, 0.10876, -0.942864)","(0.04107, 0.143144, 0.988849)","(0.211649, -0.829918, -0.51618)","(0.105814, -0.92746, -0.358638)","(-0.124101, -0.457689, 0.880409)","(0.073645, -0.675963, -0.733246)","(0.007986, -0.989083, 0.147141)"
0.266766,"(0.00002, -0.164607, 0.006023)","(-0.056775, 0.979706, -0.19223)","(-0.703872, -0.605321, 0.371687)","(0.342953, 0.145166, -0.928068)","(0.086009, 0.253596, 0.963479)","(0.256296, -0.694707, -0.672083)","(0.115048, -0.904377, -0.410934)","(-0.1421, -0.389227, 0.910115)","(0.066792, -0.527893, -0.84668)","(0.014903, -0.996849, 0.077907)"
0.337357,"(0.000111, -0.053541, 0.034322)","(-0.05558, 0.986244, -0.155673)","(-0.641233, -0.759721, 0.107905)","(0.40882, 0.04786, -0.911359)","(0.035842, -0.08142, 0.996035)","(0.249047, -0.711207, -0.657389)","(0.087909, -0.996039, -0.013354)","(-0.144831, -0.765272, 0.627203)","(0.051464, -0.262019, -0.96369)","(-0.009119, -0.922074, -0.386907)"
0.40139,"(-0.00003, 0.020529, 0.030005)","(-0.040586, 0.994469, 0.096875)","(-0.498553, -0.771301, -0.395652)","(0.507091, -0.143854, -0.849803)","(-0.002232, -0.60774, 0.794133)","(0.225544, -0.81252, -0.537533)","(0.00108, -0.843021, 0.537879)","(-0.126048, -0.979548, 0.156839)","(0.06418, -0.134234, -0.988869)","(-0.053137, -0.930029, -0.363625)"
0.491947,"(0.000012, 0.008602, 0.0052)","(-0.019168, 0.937045, 0.348683)","(-0.384915, -0.598199, -0.70285)","(0.586567, -0.329247, -0.739956)","(-0.022693, -0.864297, 0.50247)","(0.236647, -0.908903, -0.343357)","(-0.061419, -0.490844, 0.86908)","(-0.126951, -0.968451, 0.214442)","(0.084625, -0.30293, -0.949248)","(-0.056599, -0.93614, -0.347043)"
0.557407,"(0.000005, 0.027068, -0.010454)","(0.00588, 0.899997, 0.435856)","(-0.299492, -0.33328, -0.893996)","(0.661916, -0.625205, -0.413506)","(-0.156958, -0.975217, 0.155936)","(0.257237, -0.927052, 0.27277)","(-0.057157, -0.236834, 0.969867)","(-0.113689, -0.972596, 0.202812)","(0.09562, -0.827099, -0.553863)","(-0.064056, -0.948852, -0.309155)"
0.622845,"(-0.000066, 0.013281, -0.012057)","(0.026483, 0.96066, 0.276462)","(-0.247645, -0.100908, -0.963582)","(0.666419, -0.743799, 0.051463)","(-0.302488, -0.939938, -0.158171)","(0.178595, -0.443784, 0.878157)","(0.03796, -0.368326, 0.928921)","(-0.110118, -0.99365, 0.023093)","(0.03419, -0.997723, 0.058141)","(-0.064617, -0.844203, -0.532115)"
0.690113,"(-0.000027, -0.109084, -0.007742)","(0.046981, 0.998895, -0.00164)","(-0.208824, 0.057763, -0.976246)","(0.630771, -0.678079, 0.377275)","(-0.402131, -0.827968, -0.390845)","(0.090157, 0.161515, 0.982743)","(0.104532, -0.457431, 0.88308)","(-0.113656, -0.918056, -0.37981)","(0.007918, -0.993909, 0.109923)","(-0.059529, -0.645008, -0.761854)"
0.796318,"(-0.000015, -0.161343, 0.005442)","(0.057311, 0.97997, -0.190722)","(-0.202939, 0.079272, -0.975977)","(0.612734, -0.670856, 0.417743)","(-0.416878, -0.770597, -0.482072)","(0.027448, 0.34006, 0.940003)","(0.122798, -0.389518, 0.912796)","(-0.125156, -0.90794, -0.399976)","(-0.003588, -0.99838, 0.056787)","(-0.052698, -0.547226, -0.835324)"
0.8256,"(0.000041, -0.007766, 0.036733)","(0.04674, 0.996408, -0.070618)","(-0.298574, -0.253016, -0.920237)","(0.558703, -0.789825, -0.253038)","(-0.325218, -0.888745, -0.323058)","(0.22597, -0.114766, 0.96735)","(0.10504, -0.925673, 0.363449)","(-0.105991, -0.98264, 0.152263)","(0.060102, -0.87981, -0.471511)","(-0.005814, -0.256712, -0.966471)"
0.911259,"(-0.000003, 0.018947, 0.034457)","(0.036881, 0.998318, 0.044727)","(-0.343822, -0.400858, -0.849176)","(0.47897, -0.714887, -0.509436)","(-0.293552, -0.934351, -0.202031)","(0.302017, -0.330972, 0.894004)","(0.100843, -0.979432, 0.17477)","(-0.08596, -0.929685, 0.358185)","(0.075525, -0.91382, -0.399035)","(0.004496, -0.184341, -0.982852)"
0.993851,"(0.000011, 0.002479, 0.002936)","(0.007143, 0.927831, 0.372933)","(-0.50757, -0.717896, -0.476443)","(0.274683, -0.394156, -0.877035)","(-0.263588, -0.931823, 0.249456)","(0.33291, -0.735899, 0.589596)","(0.095584, -0.966478, 0.238295)","(-0.04324, -0.553281, 0.831871)","(0.091342, -0.918316, -0.385165)","(0.017057, -0.233042, -0.972317)"
1.058304,"(-0.000034, 0.02673, -0.009921)","(-0.0014, 0.900987, 0.433843)","(-0.624214, -0.77949, -0.052464)","(0.233584, -0.169482, -0.957452)","(-0.204224, -0.64748, 0.734209)","(0.234944, -0.943515, 0.233624)","(0.093668, -0.976301, 0.195097)","(-0.061178, -0.201441, 0.977588)","(0.090927, -0.93778, -0.335112)","(0.015829, -0.825524, -0.564145)"
1.122402,"(0.000014, 0.012221, -0.012057)","(-0.016484, 0.961842, 0.273108)","(-0.679847, -0.701046, 0.215275)","(0.274826, 0.017219, -0.96134)","(-0.067785, -0.17893, 0.981524)","(0.198279, -0.952776, -0.230006)","(0.097401, -0.995239, 0.003399)","(-0.1156, -0.34203, 0.932551)","(0.083943, -0.833284, -0.546435)","(0.035784, -0.996156, 0.079957)"
1.190014,"(0.000018, -0.110713, -0.007529)","(-0.040728, 0.99917, 0.000146)","(-0.70235, -0.615889, 0.356911)","(0.321225, 0.123434, -0.938924)","(0.058739, 0.191708, 0.979693)","(0.219893, -0.798048, -0.561041)","(0.107087, -0.912008, -0.395947)","(-0.12742, -0.454878, 0.881391)","(0.071956, -0.63863, -0.766142)","(0.005795, -0.991289, 0.131581)"
1.252598,"(0.000021, -0.165283, 0.005616)","(-0.056648, 0.980033, -0.190595)","(-0.704115, -0.604159, 0.373115)","(0.342502, 0.145663, -0.928157)","(0.086365, 0.255504, 0.962943)","(0.256049, -0.69551, -0.671346)","(0.114893, -0.903197, -0.413565)","(-0.142013, -0.387408, 0.910905)","(0.067054, -0.532188, -0.843967)","(0.015071, -0.996885, 0.077423)"
1.335476,"(0.000004, -0.080279, 0.028874)","(-0.056923, 0.981495, -0.18283)","(-0.660835, -0.726847, 0.187058)","(0.38935, 0.075982, -0.917951)","(0.04738, 0.013696, 0.998783)","(0.251224, -0.699143, -0.669392)","(0.100055, -0.989387, -0.10537)","(-0.144504, -0.654719, 0.741931)","(0.052862, -0.298123, -0.953063)","(-0.002948, -0.957641, -0.28795)"
1.421238,"(-0.000027, 0.02031, 0.030638)","(-0.041159, 0.995232, 0.088423)","(-0.502724, -0.775037, -0.382866)","(0.504199, -0.138299, -0.852442)","(-0.001899, -0.595846, 0.803097)","(0.225562, -0.809455, -0.542129)","(0.003596, -0.852147, 0.52329)","(-0.1262, -0.979124, 0.15934)","(0.063498, -0.134613, -0.988862)","(-0.052607, -0.928942, -0.366468)"
1.486439,"(-0.000007, 0.005055, -0.000325)","(-0.012811, 0.916909, 0.398891)","(-0.361374, -0.546277, -0.755639)","(0.605869, -0.384814, -0.696306)","(-0.039278, -0.900968, 0.432103)","(0.246619, -0.932922, -0.262366)","(-0.063514, -0.462325, 0.884433)","(-0.126467, -0.962911, 0.238344)","(0.083156, -0.335334, -0.938422)","(-0.056011, -0.934412, -0.351762)"
1.550488,"(0.000003, 0.025209, -0.010054)","(0.004402, 0.897607, 0.440776)","(-0.303584, -0.352691, -0.885125)","(0.658551, -0.606211, -0.445892)","(-0.14494, -0.97269, 0.181291)","(0.259627, -0.941223, 0.216084)","(-0.059763, -0.250245, 0.966336)","(-0.114326, -0.971913, 0.205707)","(0.095197, -0.785347, -0.611692)","(-0.063641, -0.950853, -0.303032)"
1.614349,"(0.000016, 0.019763, -0.012122)","(0.024121, 0.953227, 0.301292)","(-0.254955, -0.120983, -0.959355)","(0.669294, -0.74299, 0.003232)","(-0.292468, -0.947699, -0.127785)","(0.189566, -0.515101, 0.835904)","(0.02716, -0.34355, 0.938741)","(-0.109934, -0.991869, 0.064117)","(0.041132, -0.998988, 0.018184)","(-0.065026, -0.863679, -0.49983)"
1.679245,"(0.000024, -0.092285, -0.008747)","(0.044803, 0.998451, 0.032998)","(-0.213824, 0.045538, -0.97581)","(0.63469, -0.688171, 0.351553)","(-0.396016, -0.840877, -0.368914)","(0.099777, 0.104415, 0.989516)","(0.098997, -0.462936, 0.880846)","(-0.112796, -0.927265, -0.35701)","(0.010142, -0.9928, 0.119357)","(-0.060673, -0.669217, -0.740586)"
1.747444,"(0.000041, -0.164699, 0.002373)","(0.056476, 0.983177, -0.173705)","(-0.201013, 0.086952, -0.975722)","(0.614782, -0.65919, 0.433027)","(-0.419705, -0.772525, -0.4765)","(0.031094, 0.34033, 0.939792)","(0.122758, -0.38166, 0.916115)","(-0.123065, -0.903217, -0.411161)","(-0.005603, -0.998055, 0.06209)","(-0.055003, -0.567817, -0.821315)"
1.816566,"(-0.000008, -0.08781, 0.027337)","(0.056624, 0.980101, -0.190252)","(-0.235012, -0.044226, -0.970986)","(0.618723, -0.76735, 0.168392)","(-0.376422, -0.809191, -0.451128)","(0.08877, 0.198717, 0.976028)","(0.11205, -0.621442, 0.775406)","(-0.129952, -0.982142, -0.136052)","(0.028676, -0.962961, -0.268112)","(-0.025764, -0.35763, -0.933508)"
1.881592,"(0.000003, 0.013395, 0.035971)","(0.040121, 0.999169, 0.007247)","(-0.329938, -0.356194, -0.874224)","(0.504663, -0.744735, -0.436676)","(-0.302425, -0.922095, -0.241413)","(0.281883, -0.267109, 0.921518)","(0.102153, -0.970366, 0.218988)","(-0.092264, -0.951663, 0.292958)","(0.071289, -0.903996, -0.421555)","(0.001666, -0.203472, -0.979079)"
1.925163,"(-0.000029, 0.013176, 0.01527)","(0.015544, 0.958943, 0.283173)","(-0.452225, -0.639414, -0.621806)","(0.320892, -0.48547, -0.813233)","(-0.267006, -0.959591, 0.08884)","(0.352984, -0.642775, 0.679884)","(0.097276, -0.978409, 0.182354)","(-0.050367, -0.652139, 0.756424)","(0.088796, -0.927342, -0.363528)","(0.015685, -0.199065, -0.979861)"
1.971592,"(0.000007, 0.001315, -0.001165)","(0.004239, 0.914876, 0.403712)","(-0.532291, -0.743789, -0.404283)","(0.25907, -0.357404, -0.897299)","(-0.263274, -0.908118, 0.325589)","(0.318519, -0.773429, 0.548045)","(0.095109, -0.96397, 0.248426)","(-0.042446, -0.523824, 0.850769)","(0.091855, -0.919019, -0.383363)","(0.017205, -0.259403, -0.965616)"
2.017567,"(0.000047, 0.017218, -0.008212)","(-0.000035, 0.894331, 0.447406)","(-0.598484, -0.784204, -0.163829)","(0.232293, -0.235974, -0.943587)","(-0.234218, -0.76417, 0.600988)","(0.261195, -0.893547, 0.365173)","(0.094145, -0.972267, 0.214087)","(-0.049091, -0.315837, 0.947543)","(0.091296, -0.939503, -0.330149)","(0.013496, -0.59854, -0.800979)"
2.088493,"(-0.000001, 0.03172, -0.011417)","(-0.005, 0.918423, 0.395568)","(-0.647838, -0.759597, 0.057606)","(0.242196, -0.097347, -0.965331)","(-0.160744, -0.489565, 0.857022)","(0.210656, -0.975209, 0.06776)","(0.092963, -0.980166, 0.175024)","(-0.084594, -0.191539, 0.977833)","(0.090122, -0.917496, -0.387399)","(0.026524, -0.961195, -0.274591)"
2.158772,"(-0.000015, -0.034318, -0.010879)","(-0.027873, 0.988693, 0.147344)","(-0.692919, -0.656696, 0.29768)","(0.297455, 0.076446, -0.95167)","(0.00065, 0.028295, 0.999599)","(0.198716, -0.887757, -0.415211)","(0.102061, -0.96212, -0.252804)","(-0.11933, -0.436652, 0.891681)","(0.07719, -0.755703, -0.650349)","(0.018278, -0.985555, 0.168365)"
2.204353,"(-0.000026, -0.164246, -0.001541)","(-0.051392, 0.990636, -0.126486)","(-0.70629, -0.595166, 0.383317)","(0.335829, 0.146525, -0.930457)","(0.087951, 0.267741, 0.959468)","(0.243524, -0.725436, -0.643769)","(0.113957, -0.910664, -0.39712)","(-0.138281, -0.394959, 0.908232)","(0.0675, -0.546357, -0.834828)","(0.013868, -0.995785, 0.090666)"
2.254723,"(-0.000048, -0.154482, 0.010613)","(-0.057734, 0.977134, -0.204638)","(-0.700372, -0.620618, 0.35258)","(0.348314, 0.13802, -0.927161)","(0.08107, 0.227518, 0.970393)","(0.257821, -0.688678, -0.67768)","(0.116481, -0.919957, -0.374316)","(-0.142405, -0.416315, 0.897999)","(0.063449, -0.474226, -0.878114)","(0.012229, -0.996307, 0.084984)"
2.306614,"(0.000018, -0.076407, 0.029646)","(-0.056756, 0.98214, -0.179389)","(-0.658457, -0.731661, 0.176369)","(0.392336, 0.072256, -0.916979)","(0.045657, 0.000616, 0.998957)","(0.25129, -0.70056, -0.667884)","(0.098554, -0.990883, -0.091865)","(-0.144684, -0.670585, 0.727587)","(0.052528, -0.292204, -0.954912)","(-0.003764, -0.952671, -0.30398)"
2.357643,"(-0.000065, 0.003918, 0.036162)","(-0.048825, 0.998287, -0.032237)","(-0.565129, -0.80648, -0.173836)","(0.464052, -0.051692, -0.884299)","(0.008247, -0.390629, 0.920511)","(0.236214, -0.762149, -0.60277)","(0.04224, -0.954495, 0.295219)","(-0.134249, -0.947938, 0.288777)","(0.055171, -0.167862, -0.984266)","(-0.036431, -0.901832, -0.430549)"
2.406017,"(0.000033, 0.020748, 0.023185)","(-0.034094, 0.982069, 0.185414)","(-0.456498, -0.722348, -0.519445)","(0.535609, -0.204188, -0.819409)","(-0.005856, -0.718384, 0.695622)","(0.225747, -0.845476, -0.483951)","(-0.025555, -0.729698, 0.683292)","(-0.124969, -0.981329, 0.146206)","(0.072773, -0.161108, -0.98425)","(-0.057336, -0.938128, -0.341511)"
2.453693,"(0.000015, 0.007277, 0.003761)","(-0.017628, 0.931994, 0.362045)","(-0.379123, -0.586144, -0.716031)","(0.591099, -0.341691, -0.73065)","(-0.025985, -0.873658, 0.485846)","(0.238846, -0.914488, -0.326595)","(-0.062224, -0.484182, 0.872752)","(-0.127082, -0.966737, 0.221967)","(0.084171, -0.307408, -0.947848)","(-0.056283, -0.935129, -0.349809)"
2.502647,"(-0.000002, 0.010897, -0.006053)","(-0.003634, 0.896595, 0.442836)","(-0.330817, -0.459763, -0.824122)","(0.633756, -0.487165, -0.600853)","(-0.082119, -0.943854, 0.319993)","(0.260863, -0.962412, -0.075594)","(-0.0601, -0.416172, 0.907297)","(-0.120936, -0.964987, 0.232753)","(0.082614, -0.461581, -0.883243)","(-0.059217, -0.944742, -0.322422)"
2.55162,"(-0.000011, 0.030358, -0.01107)","(0.008871, 0.906341, 0.422453)","(-0.290895, -0.294425, -0.910326)","(0.667537, -0.66003, -0.344608)","(-0.181045, -0.977884, 0.104713)","(0.250525, -0.887111, 0.38765)","(-0.050569, -0.223367, 0.973422)","(-0.112377, -0.973763, 0.197882)","(0.095378, -0.89711, -0.43139)","(-0.06458, -0.942711, -0.327301)"
2.598473,"(0.000004, 0.018808, -0.012109)","(0.024506, 0.954446, 0.297377)","(-0.253786, -0.117569, -0.960089)","(0.668846, -0.743316, 0.011212)","(-0.294251, -0.94645, -0.132849)","(0.187765, -0.503622, 0.843273)","(0.028961, -0.347642, 0.93718)","(-0.109956, -0.992227, 0.058265)","(0.039912, -0.998881, 0.025388)","(-0.064958, -0.860621, -0.505086)"
2.668407,"(0.000066, -0.055571, -0.01025)","(0.040176, 0.993863, 0.103064)","(-0.223178, 0.01691, -0.974631)","(0.643217, -0.708764, 0.289698)","(-0.380543, -0.86697, -0.321792)","(0.118759, -0.024925, 0.99261)","(0.086778, -0.460116, 0.883608)","(-0.110352, -0.950477, -0.290544)","(0.012069, -0.98977, 0.142164)","(-0.062831, -0.726694, -0.684082)"
2.711826,"(0.000059, -0.164361, -0.000018)","(0.055342, 0.986983, -0.151002)","(-0.200258, 0.089278, -0.975667)","(0.616238, -0.654891, 0.437457)","(-0.420472, -0.777567, -0.467539)","(0.040682, 0.330612, 0.94289)","(0.122021, -0.386353, 0.914244)","(-0.123129, -0.909116, -0.397928)","(-0.005802, -0.997765, 0.066574)","(-0.054203, -0.563101, -0.824609)"
2.759281,"(0.000063, -0.143117, 0.013375)","(0.058183, 0.97635, -0.20822)","(-0.209439, 0.048934, -0.976597)","(0.616394, -0.700413, 0.359834)","(-0.405012, -0.776085, -0.483382)","(0.033547, 0.317583, 0.947637)","(0.119166, -0.437809, 0.891136)","(-0.132173, -0.933827, -0.332411)","(0.006281, -0.998578, 0.052943)","(-0.042458, -0.462005, -0.88586)"
2.805576,"(-0.000056, -0.066501, 0.031778)","(0.055088, 0.983688, -0.171241)","(-0.244997, -0.095898, -0.964769)","(0.611789, -0.786959, 0.080066)","(-0.352418, -0.833583, -0.425371)","(0.117167, 0.136667, 0.983664)","(0.111139, -0.71143, 0.693913)","(-0.125773, -0.989391, -0.072709)","(0.035841, -0.932289, -0.359934)","(-0.020724, -0.335092, -0.941957)"
2.853111,"(0.000032, 0.003208, 0.036698)","(0.043839, 0.998381, -0.036256)","(-0.313734, -0.299876, -0.900914)","(0.535077, -0.773518, -0.33965)","(-0.315483, -0.904474, -0.287051)","(0.25297, -0.185354, 0.949553)","(0.103865, -0.950651, 0.292361)","(-0.100014, -0.971294, 0.215837)","(0.06538, -0.889579, -0.452079)","(-0.002143, -0.231217, -0.9729)"
2.898853,"(-0.000005, 0.023791, 0.026611)","(0.026188, 0.985755, 0.166134)","(-0.397031, -0.529713, -0.749514)","(0.39391, -0.603755, -0.693047)","(-0.276979, -0.958676, -0.064982)","(0.343532, -0.506863, 0.790617)","(0.099236, -0.98629, 0.13185)","(-0.066586, -0.825494, 0.56047)","(0.083449, -0.931895, -0.352999)","(0.011283, -0.151157, -0.988445)"
2.943279,"(0.000036, 0.006466, 0.007906)","(0.01038, 0.940833, 0.338711)","(-0.48459, -0.689186, -0.538698)","(0.290811, -0.428544, -0.855441)","(-0.264642, -0.946972, 0.182232)","(0.344083, -0.701168, 0.624476)","(0.096174, -0.971492, 0.21669)","(-0.043859, -0.580378, 0.813165)","(0.090458, -0.921976, -0.376533)","(0.015374, -0.225559, -0.974108)"
2.988815,"(-0.000002, 0.004713, -0.004415)","(0.001525, 0.901568, 0.432634)","(-0.560187, -0.767984, -0.31047)","(0.24394, -0.31381, -0.917615)","(-0.256613, -0.866497, 0.428175)","(0.296274, -0.818762, 0.491783)","(0.09492, -0.965874, 0.240995)","(-0.042442, -0.500082, 0.864938)","(0.091811, -0.926811, -0.364132)","(0.016029, -0.308194, -0.951189)"
3.034565,"(-0.000018, 0.024855, -0.00958)","(-0.000888, 0.898572, 0.438825)","(-0.618575, -0.781926, -0.077179)","(0.232386, -0.184909, -0.954885)","(-0.211908, -0.676883, 0.704929)","(0.240491, -0.933532, 0.265862)","(0.093864, -0.975694, 0.198016)","(-0.056989, -0.21853, 0.974165)","(0.091003, -0.939668, -0.329762)","(0.014197, -0.782093, -0.623)"
3.079548,"(-0.000056, 0.028683, -0.012062)","(-0.009077, 0.935805, 0.352402)","(-0.659936, -0.740456, 0.127315)","(0.253301, -0.048422, -0.966175)","(-0.122463, -0.364335, 0.923181)","(0.199057, -0.978295, -0.057572)","(0.094079, -0.987558, 0.126012)","(-0.101761, -0.2435, 0.964548)","(0.088418, -0.890239, -0.44683)","(0.035188, -0.994272, -0.100922)"
3.126923,"(0.000031, -0.017818, -0.011441)","(-0.024445, 0.982342, 0.185493)","(-0.689556, -0.669444, 0.276329)","(0.291434, 0.061038, -0.954642)","(-0.018202, -0.027559, 0.999454)","(0.197394, -0.909492, -0.365869)","(0.10118, -0.977098, -0.187197)","(-0.118353, -0.416645, 0.901332)","(0.078853, -0.778878, -0.622199)","(0.023019, -0.98772, 0.154529)"
3.177074,"(0.00004, -0.119585, -0.006913)","(-0.042272, 0.998946, -0.017873)","(-0.70319, -0.611829, 0.3622)","(0.32333, 0.127828, -0.937613)","(0.064261, 0.206603, 0.976312)","(0.2229, -0.787099, -0.575144)","(0.107779, -0.909891, -0.400602)","(-0.128897, -0.449094, 0.884138)","(0.071286, -0.624457, -0.777799)","(0.006274, -0.992015, 0.125963)"
3.243103,"(-0.000054, -0.168911, 0.002119)","(-0.054956, 0.983978, -0.169609)","(-0.706037, -0.595623, 0.383073)","(0.33864, 0.148646, -0.9291)","(0.088852, 0.268913, 0.959058)","(0.252236, -0.70538, -0.662432)","(0.114026, -0.898249, -0.424437)","(-0.140539, -0.379749, 0.914352)","(0.068509, -0.555532, -0.828668)","(0.015434, -0.996398, 0.083379)"
3.308632,"(0.000009, -0.097484, 0.025354)","(-0.057561, 0.979004, -0.195548)","(-0.668877, -0.706711, 0.23057)","(0.377724, 0.091674, -0.921369)","(0.055293, 0.067263, 0.996202)","(0.251931, -0.693766, -0.6747)","(0.106086, -0.980215, -0.167106)","(-0.144315, -0.58642, 0.797047)","(0.054218, -0.325713, -0.943913)","(0.001241, -0.979496, -0.20146)"
3.37413,"(-0.000055, 0.005969, 0.036094)","(-0.04836, 0.998533, -0.02437)","(-0.560659, -0.806162, -0.189113)","(0.46715, -0.057476, -0.882308)","(0.007366, -0.406322, 0.9137)","(0.235554, -0.765282, -0.599047)","(0.039448, -0.949475, 0.311354)","(-0.133525, -0.95225, 0.274575)","(0.055676, -0.163891, -0.984906)","(-0.037885, -0.90432, -0.425171)"
3.433876,"(0.000008, 0.016748, 0.015168)","(-0.02843, 0.966671, 0.25444)","(-0.426561, -0.67458, -0.602484)","(0.556909, -0.25286, -0.791148)","(-0.010167, -0.787728, 0.61594)","(0.22805, -0.871435, -0.434275)","(-0.043346, -0.610832, 0.790573)","(-0.125613, -0.977486, 0.169535)","(0.079177, -0.227464, -0.970562)","(-0.057875, -0.939607, -0.337328)"
3.474739,"(-0.000017, 0.005985, -0.002887)","(-0.009075, 0.906813, 0.421436)","(-0.348174, -0.513815, -0.784072)","(0.616966, -0.422498, -0.663965)","(-0.053389, -0.919464, 0.389532)","(0.252927, -0.946641, -0.199749)","(-0.062814, -0.45635, 0.887581)","(-0.124648, -0.9626, 0.24055)","(0.08184, -0.362135, -0.928526)","(-0.056845, -0.937882, -0.342267)"
3.519951,"(-0.000021, 0.020553, -0.008925)","(0.001461, 0.894638, 0.44679)","(-0.312482, -0.392618, -0.864989)","(0.650802, -0.564177, -0.508095)","(-0.120649, -0.964934, 0.233125)","(0.262732, -0.959395, 0.102631)","(-0.062216, -0.295701, 0.953253)","(-0.116048, -0.969748, 0.214761)","(0.092438, -0.680353, -0.727031)","(-0.062319, -0.951651, -0.300795)"
3.564705,"(0.000007, 0.031824, -0.011886)","(0.014032, 0.92055, 0.390372)","(-0.278103, -0.230849, -0.932399)","(0.672063, -0.705773, -0.224089)","(-0.22142, -0.974964, 0.020449)","(0.233097, -0.788361, 0.569345)","(-0.031411, -0.241512, 0.969889)","(-0.111329, -0.97748, 0.179272)","(0.085241, -0.966472, -0.242213)","(-0.065073, -0.923752, -0.377422)"
3.610104,"(-0.000149, 0.004832, -0.011972)","(0.029014, 0.968358, 0.247875)","(-0.239392, -0.081565, -0.967491)","(0.663207, -0.741556, 0.101251)","(-0.310999, -0.931422, -0.189029)","(0.167164, -0.365368, 0.915731)","(0.049202, -0.393434, 0.918035)","(-0.110152, -0.993302, -0.034893)","(0.027742, -0.995485, 0.090774)","(-0.064308, -0.823285, -0.563973)"
3.656235,"(0.000043, -0.082908, -0.009191)","(0.043631, 0.997733, 0.05123)","(-0.216444, 0.038784, -0.975524)","(0.63692, -0.693474, 0.336789)","(-0.39265, -0.847515, -0.357134)","(0.104699, 0.072608, 0.99185)","(0.09595, -0.463572, 0.880849)","(-0.11226, -0.933136, -0.341548)","(0.010791, -0.992032, 0.125521)","(-0.061229, -0.683308, -0.727559)"
3.705944,"(0.000017, -0.15869, -0.002313)","(0.053696, 0.991392, -0.119411)","(-0.201061, 0.086934, -0.975714)","(0.618347, -0.656102, 0.43264)","(-0.419273, -0.786623, -0.453249)","(0.054114, 0.306389, 0.950367)","(0.119918, -0.399358, 0.908918)","(-0.12312, -0.918618, -0.375477)","(-0.004403, -0.997408, 0.071823)","(-0.052925, -0.556146, -0.829398)"
3.753777,"(0.00006, -0.149369, 0.011135)","(0.058069, 0.97691, -0.205611)","(-0.206769, 0.059011, -0.976609)","(0.61451, -0.691792, 0.379212)","(-0.408529, -0.773503, -0.484559)","(0.030106, 0.326616, 0.944678)","(0.12017, -0.421324, 0.898913)","(-0.130552, -0.926062, -0.35407)","(0.003395, -0.998053, 0.062276)","(-0.045543, -0.485533, -0.873032)"
3.801144,"(-0.000007, -0.076616, 0.029703)","(0.055879, 0.981903, -0.180954)","(-0.241379, -0.069412, -0.967945)","(0.615613, -0.778401, 0.122935)","(-0.366445, -0.820566, -0.438623)","(0.103198, 0.16709, 0.980526)","(0.111351, -0.668264, 0.735544)","(-0.128024, -0.986574, -0.101398)","(0.032694, -0.94692, -0.319804)","(-0.023057, -0.344937, -0.938343)"
3.848682,"(0.00004, -0.001822, 0.036756)","(0.045261, 0.997565, -0.053067)","(-0.306635, -0.277159, -0.910581)","(0.54679, -0.782275, -0.29844)","(-0.320447, -0.896922, -0.304704)","(0.240218, -0.151508, 0.958823)","(0.104449, -0.939719, 0.325606)","(-0.102975, -0.977289, 0.185211)","(0.062891, -0.884265, -0.462732)","(-0.003851, -0.243406, -0.969917)"
3.895435,"(0.000008, 0.023919, 0.027963)","(0.027876, 0.988709, 0.147232)","(-0.389147, -0.510348, -0.766883)","(0.406695, -0.622536, -0.668617)","(-0.279578, -0.956127, -0.087508)","(0.339155, -0.481974, 0.807883)","(0.0995, -0.986054, 0.133405)","(-0.069533, -0.845632, 0.529218)","(0.082421, -0.930531, -0.356818)","(0.010413, -0.15155, -0.988395)"
3.943787,"(0.000037, 0.007628, 0.009295)","(0.011313, 0.94434, 0.328776)","(-0.47797, -0.680488, -0.555412)","(0.295563, -0.43855, -0.848715)","(-0.264676, -0.950339, 0.163715)","(0.346711, -0.690919, 0.634368)","(0.096357, -0.97283, 0.210514)","(-0.044386, -0.589917, 0.806243)","(0.090194, -0.922995, -0.374092)","(0.015103, -0.222482, -0.97482)"
3.991535,"(-0.000002, 0.004839, -0.004501)","(0.001458, 0.901249, 0.433299)","(-0.560899, -0.768535, -0.307809)","(0.243573, -0.312545, -0.918144)","(-0.256324, -0.865125, 0.431111)","(0.295638, -0.820044, 0.490027)","(0.094916, -0.965944, 0.240715)","(-0.042495, -0.498669, 0.86575)","(0.09181, -0.927022, -0.363595)","(0.016002, -0.310618, -0.9504)"
4.040005,"(-0.000028, 0.025872, -0.009766)","(-0.001155, 0.899812, 0.436277)","(-0.621614, -0.780721, -0.063804)","(0.232998, -0.176628, -0.956302)","(-0.207814, -0.661255, 0.720802)","(0.237468, -0.939025, 0.24868)","(0.093773, -0.976037, 0.196366)","(-0.059163, -0.208769, 0.976174)","(0.090966, -0.938726, -0.332443)","(0.015012, -0.805962, -0.591777)"
4.086292,"(-0.000059, 0.026518, -0.012124)","(-0.010628, 0.941841, 0.335891)","(-0.663239, -0.733661, 0.147836)","(0.256647, -0.033822, -0.965913)","(-0.109513, -0.322882, 0.940082)","(0.195501, -0.975784, -0.098107)","(0.09454, -0.990181, 0.102977)","(-0.106735, -0.265746, 0.958116)","(0.087535, -0.879612, -0.467568)","(0.037359, -0.99801, -0.050799)"
4.134754,"(-0.000005, -0.029955, -0.011035)","(-0.027023, 0.987259, 0.156808)","(-0.69208, -0.659848, 0.292619)","(0.295834, 0.072689, -0.95247)","(-0.003866, 0.014987, 0.99988)","(0.198015, -0.893296, -0.4035)","(0.101802, -0.965734, -0.238735)","(-0.119044, -0.432473, 0.893754)","(0.077578, -0.762149, -0.642737)","(0.019394, -0.985891, 0.166259)"
4.179562,"(0.00006, -0.134268, -0.005735)","(-0.044852, 0.997832, -0.048159)","(-0.704394, -0.605716, 0.37005)","(0.327161, 0.134173, -0.935395)","(0.072611, 0.228711, 0.970783)","(0.228311, -0.769364, -0.596619)","(0.10952, -0.910551, -0.398626)","(-0.131689, -0.434498, 0.890993)","(0.070023, -0.597988, -0.79844)","(0.008233, -0.9933, 0.115275)"
4.225025,"(-0.000043, -0.168615, 0.00271)","(-0.055339, 0.983138, -0.17429)","(-0.705797, -0.596655, 0.381907)","(0.339186, 0.148365, -0.928946)","(0.088504, 0.267225, 0.959561)","(0.253143, -0.703304, -0.664291)","(0.11407, -0.89785, -0.425268)","(-0.14082, -0.379617, 0.914364)","(0.068468, -0.554422, -0.829415)","(0.015497, -0.996501, 0.082138)"
4.271538,"(0.00007, -0.128785, 0.018258)","(-0.058186, 0.976327, -0.208327)","(-0.686259, -0.662406, 0.300445)","(0.362297, 0.118377, -0.924515)","(0.069166, 0.156713, 0.985219)","(0.257542, -0.686975, -0.679513)","(0.114538, -0.952135, -0.283409)","(-0.144416, -0.483714, 0.863229)","(0.05725, -0.387949, -0.919901)","(0.00827, -0.99996, -0.003347)"
4.317356,"(0.000119, -0.044725, 0.035936)","(-0.055011, 0.987986, -0.144419)","(-0.633222, -0.770075, 0.077551)","(0.414707, 0.03688, -0.909208)","(0.031897, -0.116727, 0.992652)","(0.246894, -0.716455, -0.652484)","(0.083009, -0.99636, 0.019399)","(-0.144086, -0.800658, 0.581537)","(0.051419, -0.250833, -0.966664)","(-0.011967, -0.910678, -0.412944)"
4.362602,"(-0.000006, 0.013368, 0.035324)","(-0.046234, 0.998876, 0.010413)","(-0.541771, -0.801232, -0.25399)","(0.478602, -0.084316, -0.873974)","(0.003709, -0.471695, 0.881754)","(0.230141, -0.779862, -0.582109)","(0.027414, -0.924402, 0.380433)","(-0.130219, -0.966907, 0.219397)","(0.058068, -0.150131, -0.986959)","(-0.04409, -0.914651, -0.401832)"
4.4091,"(0.000016, 0.019802, 0.020669)","(-0.032415, 0.977889, 0.206599)","(-0.447228, -0.708403, -0.546033)","(0.542176, -0.218846, -0.811266)","(-0.007046, -0.741062, 0.671399)","(0.226276, -0.853384, -0.469612)","(-0.031187, -0.694899, 0.718431)","(-0.125048, -0.98053, 0.151409)","(0.07471, -0.17842, -0.981114)","(-0.057679, -0.938914, -0.339285)"
4.458702,"(0.000015, 0.006518, 0.002846)","(-0.016619, 0.928713, 0.370427)","(-0.375397, -0.578155, -0.724441)","(0.594088, -0.350101, -0.724216)","(-0.028369, -0.879557, 0.474948)","(0.240362, -0.918202, -0.314851)","(-0.062566, -0.480342, 0.874847)","(-0.127105, -0.965677, 0.226521)","(0.083831, -0.310778, -0.946779)","(-0.056112, -0.934582, -0.351294)"
4.542637,"(-0.00001, 0.012873, -0.006802)","(-0.002375, 0.895279, 0.445499)","(-0.32651, -0.444532, -0.834136)","(0.638112, -0.505037, -0.581163)","(-0.09061, -0.949515, 0.300351)","(0.262103, -0.964327, -0.037082)","(-0.060271, -0.389607, 0.919007)","(-0.119814, -0.965967, 0.229242)","(0.084506, -0.508701, -0.856786)","(-0.059936, -0.946509, -0.317061)"
4.582428,"(0.000077, 0.025137, -0.012207)","(0.021457, 0.944611, 0.32749)","(-0.262394, -0.146727, -0.95374)","(0.671625, -0.738912, -0.054117)","(-0.277504, -0.956386, -0.091203)","(0.20186, -0.593894, 0.778809)","(0.013015, -0.314289, 0.949238)","(-0.110113, -0.988633, 0.102368)","(0.051356, -0.997949, -0.038221)","(-0.065347, -0.882837, -0.465111)"
4.631226,"(-0.000032, -0.022317, -0.01139)","(0.035047, 0.984269, 0.173168)","(-0.230583, -0.025492, -0.972719)","(0.653834, -0.726725, 0.210647)","(-0.351031, -0.898476, -0.263663)","(0.140557, -0.176473, 0.974218)","(0.072313, -0.440431, 0.89487)","(-0.109239, -0.974873, -0.194138)","(0.016245, -0.990311, 0.137914)","(-0.064214, -0.778199, -0.624727)"
4.694626,"(-0.000069, -0.124897, -0.006575)","(0.048968, 0.998197, -0.034702)","(-0.205566, 0.068146, -0.976268)","(0.627111, -0.669721, 0.39775)","(-0.407911, -0.815823, -0.409928)","(0.080649, 0.209238, 0.974533)","(0.109489, -0.443645, 0.889489)","(-0.115805, -0.916341, -0.383286)","(0.004517, -0.995053, 0.099245)","(-0.057696, -0.617963, -0.784088)"
4.76231,"(0.000003, -0.158732, 0.006963)","(0.057588, 0.978883, -0.19614)","(-0.203757, 0.07454, -0.97618)","(0.61178, -0.677467, 0.408368)","(-0.414867, -0.770774, -0.483522)","(0.027393, 0.337063, 0.941084)","(0.122262, -0.396476, 0.909868)","(-0.126635, -0.912296, -0.389462)","(-0.00194, -0.998256, 0.059002)","(-0.050985, -0.531703, -0.845395)"
4.80434,"(-0.000094, -0.060798, 0.032961)","(0.054597, 0.984737, -0.165264)","(-0.245555, -0.112211, -0.962866)","(0.609298, -0.79102, 0.05517)","(-0.342239, -0.84184, -0.417347)","(0.125413, 0.118809, 0.984965)","(0.110997, -0.735773, 0.668071)","(-0.124285, -0.990599, -0.05715)","(0.037604, -0.923964, -0.380628)","(-0.019496, -0.330123, -0.943737)"
4.852676,"(0.000035, 0.001852, 0.036724)","(0.044241, 0.998179, -0.041002)","(-0.311787, -0.293509, -0.903682)","(0.538401, -0.776135, -0.328235)","(-0.316909, -0.902376, -0.292037)","(0.249459, -0.17593, 0.95227)","(0.104033, -0.947785, 0.301464)","(-0.100855, -0.973072, 0.207264)","(0.064692, -0.888014, -0.455242)","(-0.002609, -0.234593, -0.97209)"
4.895489,"(-0.000003, 0.023822, 0.026745)","(0.026353, 0.98606, 0.164289)","(-0.396271, -0.527836, -0.751239)","(0.395139, -0.605605, -0.69073)","(-0.277233, -0.95845, -0.0672)","(0.343141, -0.504475, 0.792313)","(0.099264, -0.986279, 0.131909)","(-0.066867, -0.827553, 0.557392)","(0.083349, -0.931793, -0.353291)","(0.011195, -0.151085, -0.988457)"
4.946018,"(0.000037, 0.007609, 0.009273)","(0.011299, 0.944283, 0.32894)","(-0.478077, -0.680632, -0.555143)","(0.295484, -0.438384, -0.848828)","(-0.264675, -0.950288, 0.164014)","(0.34667, -0.691089, 0.634206)","(0.096355, -0.972809, 0.210617)","(-0.044375, -0.58975, 0.806366)","(0.090199, -0.922978, -0.374133)","(0.015106, -0.222537, -0.974807)"
4.991558,"(-0.000002, 0.005429, -0.004866)","(0.001182, 0.899928, 0.436037)","(-0.564001, -0.770843, -0.296149)","(0.242058, -0.306947, -0.92043)","(-0.255001, -0.858938, 0.444073)","(0.292848, -0.825701, 0.48214)","(0.094896, -0.966271, 0.239406)","(-0.042793, -0.491583, 0.869779)","(0.09181, -0.927938, -0.361251)","(0.015891, -0.322511, -0.946432)"
5.037491,"(-0.000028, 0.02588, -0.009767)","(-0.001157, 0.899822, 0.436256)","(-0.621639, -0.78071, -0.063699)","(0.233004, -0.176562, -0.956313)","(-0.207781, -0.661131, 0.720925)","(0.237444, -0.939067, 0.248542)","(0.093772, -0.976039, 0.196353)","(-0.059181, -0.208697, 0.976188)","(0.090966, -0.938718, -0.332465)","(0.015019, -0.806146, -0.591526)"
5.082886,"(-0.00006, 0.027613, -0.012104)","(-0.009897, 0.939042, 0.34366)","(-0.661761, -0.736817, 0.138467)","(0.255188, -0.040397, -0.966047)","(-0.115525, -0.342046, 0.932555)","(0.197282, -0.977121, -0.079467)","(0.094316, -0.988995, 0.113991)","(-0.104537, -0.255274, 0.961201)","(0.08796, -0.884669, -0.457846)","(0.036467, -0.996629, -0.073497)"
5.128422,"(0.000013, -0.02368, -0.011256)","(-0.025725, 0.984889, 0.171263)","(-0.690761, -0.664749, 0.284529)","(0.293559, 0.066748, -0.953608)","(-0.010982, -0.006138, 0.999921)","(0.197345, -0.901648, -0.384819)","(0.10149, -0.97142, -0.214574)","(-0.11868, -0.425058, 0.897352)","(0.078199, -0.77093, -0.632101)","(0.021134, -0.986743, 0.16091)"
5.174316,"(0.000047, -0.12248, -0.006698)","(-0.042777, 0.998802, -0.023772)","(-0.703446, -0.610566, 0.363831)","(0.324051, 0.129159, -0.937181)","(0.065979, 0.211191, 0.975216)","(0.223919, -0.783585, -0.579529)","(0.108066, -0.909665, -0.401039)","(-0.129418, -0.446658, 0.885295)","(0.071051, -0.619512, -0.781765)","(0.006559, -0.992264, 0.123975)"
5.221161,"(-0.000062, -0.169006, 0.001499)","(-0.054501, 0.984943, -0.164063)","(-0.706233, -0.594806, 0.383982)","(0.338126, 0.148796, -0.929264)","(0.089142, 0.270275, 0.958647)","(0.251138, -0.707815, -0.660249)","(0.114023, -0.899319, -0.422165)","(-0.140239, -0.380637, 0.914029)","(0.06845, -0.555369, -0.828782)","(0.015313, -0.996301, 0.08456)"
5.269054,"(0.000036, -0.134516, 0.016795)","(-0.058198, 0.976157, -0.20912)","(-0.689802, -0.653017, 0.312637)","(0.359363, 0.123029, -0.925053)","(0.07177, 0.172947, 0.982313)","(0.258214, -0.686462, -0.679776)","(0.115523, -0.945388, -0.304787)","(-0.143959, -0.468439, 0.871688)","(0.058294, -0.403198, -0.913254)","(0.009059, -0.999517, 0.029723)"
5.315029,"(0.00012, -0.049197, 0.035285)","(-0.055315, 0.987077, -0.150395)","(-0.637442, -0.764801, 0.093528)","(0.4117, 0.042665, -0.91032)","(0.033951, -0.098223, 0.994585)","(0.248089, -0.713667, -0.655081)","(0.085584, -0.996329, 0.001816)","(-0.144566, -0.782813, 0.605231)","(0.051416, -0.256792, -0.965098)","(-0.010403, -0.916398, -0.400133)"
5.360806,"(-0.000018, 0.011644, 0.035618)","(-0.046818, 0.998903, 0.001055)","(-0.546687, -0.803109, -0.23696)","(0.475939, -0.076853, -0.876114)","(0.004685, -0.454733, 0.890616)","(0.232063, -0.77581, -0.586742)","(0.030574, -0.931612, 0.362166)","(-0.131104, -0.963611, 0.232949)","(0.057414, -0.153176, -0.98653)","(-0.042473, -0.9121, -0.407762)"
5.408237,"(0.000021, 0.020181, 0.021577)","(-0.033029, 0.979459, 0.198921)","(-0.450565, -0.713532, -0.536529)","(0.539804, -0.21352, -0.814261)","(-0.006605, -0.733004, 0.680193)","(0.226071, -0.850517, -0.474881)","(-0.029167, -0.707767, 0.705844)","(-0.125003, -0.980865, 0.14926)","(0.074007, -0.171752, -0.982357)","(-0.057576, -0.938667, -0.339985)"
5.454502,"(0.000015, 0.006719, 0.0031)","(-0.016901, 0.929626, 0.368116)","(-0.376434, -0.5804, -0.722104)","(0.593251, -0.347724, -0.726045)","(-0.027683, -0.877923, 0.478001)","(0.239935, -0.917157, -0.318204)","(-0.062482, -0.481404, 0.874269)","(-0.127104, -0.965966, 0.225288)","(0.083926, -0.309765, -0.947102)","(-0.056156, -0.934722, -0.350915)"
5.498615,"(-0.000003, 0.011186, -0.006175)","(-0.003427, 0.896347, 0.443339)","(-0.330136, -0.457344, -0.825741)","(0.634467, -0.490011, -0.59778)","(-0.083457, -0.944788, 0.316876)","(0.261091, -0.962804, -0.069569)","(-0.06008, -0.412253, 0.909086)","(-0.120768, -0.965129, 0.232254)","(0.082864, -0.468633, -0.879498)","(-0.059328, -0.945001, -0.321642)"
5.543873,"(-0.000004, 0.02923, -0.010855)","(0.007726, 0.903701, 0.428096)","(-0.294176, -0.309199, -0.904355)","(0.665618, -0.647333, -0.371366)","(-0.171869, -0.977253, 0.124245)","(0.253414, -0.904141, 0.343964)","(-0.053378, -0.226203, 0.972617)","(-0.112855, -0.973303, 0.199865)","(0.09579, -0.872903, -0.478398)","(-0.064416, -0.945426, -0.319407)"
5.589668,"(0.00007, 0.024424, -0.012196)","(0.021877, 0.945982, 0.32348)","(-0.261304, -0.142458, -0.954686)","(0.671347, -0.739783, -0.044887)","(-0.280134, -0.955036, -0.097116)","(0.199954, -0.581649, 0.788481)","(0.015409, -0.318941, 0.947649)","(-0.110055, -0.989216, 0.096637)","(0.049568, -0.99836, -0.028653)","(-0.065314, -0.880035, -0.470396)"
5.635326,"(0.000035, -0.035965, -0.010925)","(0.037389, 0.98913, 0.142213)","(-0.227566, -0.004225, -0.973754)","(0.648968, -0.719149, 0.248326)","(-0.366748, -0.883486, -0.291458)","(0.130361, -0.106053, 0.985778)","(0.079178, -0.451885, 0.888555)","(-0.109246, -0.963909, -0.242787)","(0.013665, -0.989183, 0.146051)","(-0.063822, -0.757972, -0.649158)"
5.680931,"(-0.000074, -0.132184, -0.005947)","(0.049874, 0.997487, -0.050315)","(-0.204512, 0.072568, -0.976171)","(0.625394, -0.666321, 0.406077)","(-0.410567, -0.810187, -0.418369)","(0.076048, 0.229637, 0.970301)","(0.111702, -0.435137, 0.893409)","(-0.117246, -0.917351, -0.380421)","(0.002654, -0.995596, 0.093709)","(-0.056631, -0.604059, -0.794925)"
5.726791,"(0.000031, -0.164413, 0.002796)","(0.056626, 0.982629, -0.17673)","(-0.201256, 0.086131, -0.975745)","(0.614519, -0.660495, 0.431409)","(-0.41942, -0.772013, -0.47758)","(0.030081, 0.34092, 0.939611)","(0.12282, -0.381937, 0.915991)","(-0.123206, -0.903134, -0.411303)","(-0.005432, -0.998116, 0.061107)","(-0.054893, -0.56671, -0.822087)"
5.773731,"(-0.000092, -0.123305, 0.019051)","(0.05799, 0.976464, -0.207738)","(-0.219456, 0.017126, -0.975472)","(0.619675, -0.727366, 0.294859)","(-0.395979, -0.785846, -0.475024)","(0.049872, 0.280841, 0.958458)","(0.117525, -0.492426, 0.862383)","(-0.133777, -0.95594, -0.261311)","(0.013527, -0.998926, -0.044308)","(-0.034532, -0.409979, -0.911441)"
5.839485,"(-0.000024, -0.04019, 0.036492)","(0.05243, 0.988914, -0.138925)","(-0.262225, -0.155439, -0.952406)","(0.597464, -0.800636, -0.044947)","(-0.337251, -0.856294, -0.391181)","(0.15886, 0.045728, 0.986242)","(0.109189, -0.82124, 0.560038)","(-0.11818, -0.992981, 0.004819)","(0.044929, -0.894982, -0.443835)","(-0.015224, -0.31018, -0.950556)"
5.902386,"(0.000006, 0.023243, 0.030786)","(0.031485, 0.993817, 0.106471)","(-0.370903, -0.468116, -0.802059)","(0.435301, -0.661102, -0.611112)","(-0.28451, -0.94919, -0.134507)","(0.327188, -0.425409, 0.843786)","(0.099912, -0.984946, 0.141066)","(-0.075995, -0.883663, 0.461915)","(0.08013, -0.92565, -0.3698)","(0.008358, -0.159649, -0.987138)"
5.944035,"(0.000032, 0.005313, 0.006486)","(0.009445, 0.937211, 0.348636)","(-0.491384, -0.697727, -0.521266)","(0.286208, -0.418594, -0.861895)","(-0.264606, -0.943101, 0.201357)","(0.341099, -0.711337, 0.614534)","(0.095998, -0.970101, 0.222911)","(-0.043573, -0.571996, 0.819099)","(0.090714, -0.920936, -0.379009)","(0.015788, -0.228008, -0.973531)"
5.98991,"(-0.000002, 0.004901, -0.004542)","(0.001427, 0.901097, 0.433616)","(-0.561244, -0.768798, -0.306522)","(0.243398, -0.311931, -0.918399)","(-0.256182, -0.864457, 0.432534)","(0.29533, -0.820665, 0.489173)","(0.094913, -0.965978, 0.240579)","(-0.042523, -0.49796, 0.866157)","(0.09181, -0.927123, -0.363337)","(0.01599, -0.311827, -0.950005)"
6.03616,"(-0.000022, 0.025265, -0.009656)","(-0.000994, 0.899053, 0.437838)","(-0.619796, -0.781473, -0.071784)","(0.232623, -0.18159, -0.955464)","(-0.210273, -0.67066, 0.711338)","(0.239264, -0.935771, 0.259008)","(0.093832, -0.975838, 0.197324)","(-0.057837, -0.214461, 0.975019)","(0.090989, -0.93931, -0.330784)","(0.014505, -0.791809, -0.610596)"
6.080311,"(-0.000059, 0.028125, -0.012087)","(-0.009521, 0.937568, 0.347672)","(-0.660946, -0.738475, 0.133434)","(0.254353, -0.043998, -0.96611)","(-0.118685, -0.352176, 0.928378)","(0.19812, -0.977708, -0.069543)","(0.094206, -0.988348, 0.11956)","(-0.103302, -0.249863, 0.962755)","(0.088173, -0.887239, -0.452804)","(0.035915, -0.995663, -0.085828)"
6.126621,"(0.000028, -0.01913, -0.011402)","(-0.024737, 0.982942, 0.182245)","(-0.689826, -0.66838, 0.278224)","(0.291914, 0.062336, -0.954411)","(-0.016535, -0.022614, 0.999608)","(0.197332, -0.907733, -0.370246)","(0.101254, -0.975821, -0.193706)","(-0.118426, -0.418658, 0.900389)","(0.078699, -0.777096, -0.624443)","(0.022575, -0.987486, 0.15608)"
6.172199,"(0.000039, -0.118999, -0.006956)","(-0.042171, 0.998971, -0.016682)","(-0.703138, -0.612088, 0.361865)","(0.323185, 0.127553, -0.9377)","(0.063909, 0.205659, 0.976535)","(0.222696, -0.787814, -0.574244)","(0.107725, -0.909963, -0.400453)","(-0.128794, -0.449556, 0.883919)","(0.071332, -0.625437, -0.777007)","(0.006224, -0.991966, 0.126355)"
6.217674,"(-0.000064, -0.168903, 0.001045)","(-0.054131, 0.985702, -0.159569)","(-0.706336, -0.594395, 0.384427)","(0.337781, 0.148797, -0.929389)","(0.089284, 0.270953, 0.958443)","(0.250236, -0.709792, -0.658466)","(0.114041, -0.900496, -0.419646)","(-0.140011, -0.38178, 0.913587)","(0.068347, -0.554499, -0.829373)","(0.015187, -0.996234, 0.08537)"
6.263306,"(-0.000014, -0.139215, 0.015531)","(-0.058164, 0.976131, -0.209248)","(-0.692754, -0.644979, 0.322638)","(0.356632, 0.126738, -0.925609)","(0.073939, 0.18645, 0.979678)","(0.258315, -0.686401, -0.679799)","(0.116129, -0.939579, -0.322033)","(-0.143378, -0.456106, 0.878299)","(0.05937, -0.41723, -0.90686)","(0.009565, -0.998573, 0.052539)"
6.308678,"(0.000089, -0.060169, 0.032915)","(-0.055957, 0.985005, -0.163199)","(-0.646713, -0.751767, 0.128875)","(0.404277, 0.055406, -0.912957)","(0.038684, -0.056644, 0.997645)","(0.250181, -0.707727, -0.660705)","(0.091277, -0.995168, -0.036178)","(-0.145026, -0.738056, 0.658969)","(0.051624, -0.270175, -0.961426)","(-0.007371, -0.930944, -0.365088)"
6.355442,"(-0.000055, 0.006014, 0.036093)","(-0.048348, 0.998538, -0.024189)","(-0.560558, -0.806151, -0.189461)","(0.46722, -0.05761, -0.882262)","(0.007346, -0.406678, 0.913542)","(0.235536, -0.765355, -0.598962)","(0.039384, -0.949357, 0.311722)","(-0.133508, -0.952344, 0.274257)","(0.055687, -0.163802, -0.98492)","(-0.037919, -0.904377, -0.425047)"
6.42366,"(0.000025, 0.020936, 0.024057)","(-0.034826, 0.983773, 0.176007)","(-0.4607, -0.728328, -0.507242)","(0.532662, -0.197701, -0.822913)","(-0.005352, -0.707843, 0.70635)","(0.22554, -0.841961, -0.490136)","(-0.022922, -0.743847, 0.667956)","(-0.125035, -0.981412, 0.145589)","(0.071897, -0.154828, -0.985322)","(-0.057025, -0.937569, -0.343094)"
6.469154,"(-0.000012, 0.00507, -0.000867)","(-0.012081, 0.914799, 0.403729)","(-0.358706, -0.539971, -0.761421)","(0.608112, -0.391936, -0.690353)","(-0.041745, -0.90482, 0.423744)","(0.247864, -0.93573, -0.250944)","(-0.063565, -0.45986, 0.885714)","(-0.12619, -0.962679, 0.239425)","(0.082999, -0.340718, -0.936495)","(-0.056108, -0.934849, -0.350585)"
6.572483,"(-0.000023, 0.01785, -0.008254)","(0.00013, 0.894239, 0.447589)","(-0.317269, -0.411163, -0.854568)","(0.646649, -0.543492, -0.535222)","(-0.109728, -0.960115, 0.257175)","(0.263148, -0.963382, 0.05147)","(-0.061736, -0.326621, 0.943137)","(-0.117266, -0.968443, 0.219926)","(0.089795, -0.621081, -0.778585)","(-0.061524, -0.950329, -0.305105)"
6.587029,"(-0.000178, -0.005968, -0.0118)","(0.031699, 0.975972, 0.21558)","(-0.231481, -0.061458, -0.970896)","(0.659452, -0.736256, 0.151824)","(-0.320514, -0.921134, -0.22087)","(0.155247, -0.280853, 0.947111)","(0.060364, -0.417127, 0.906842)","(-0.109836, -0.98824, -0.106388)","(0.021947, -0.992963, 0.116375)","(-0.064179, -0.802647, -0.592992)"
6.635952,"(0.000015, -0.030698, -0.011107)","(0.03654, 0.987453, 0.153628)","(-0.228753, -0.011519, -0.973416)","(0.650807, -0.721951, 0.235027)","(-0.36156, -0.888788, -0.281658)","(0.134025, -0.131266, 0.982246)","(0.07678, -0.448253, 0.890603)","(-0.109127, -0.967899, -0.226413)","(0.014436, -0.989422, 0.144348)","(-0.064023, -0.766034, -0.639604)"
6.711491,"(-0.000074, -0.133255, -0.005848)","(0.050009, 0.99736, -0.052651)","(-0.204375, 0.073201, -0.976152)","(0.625139, -0.665843, 0.407252)","(-0.410956, -0.80935, -0.419606)","(0.075354, 0.232583, 0.969653)","(0.112024, -0.433798, 0.894019)","(-0.117479, -0.91756, -0.379846)","(0.002368, -0.995675, 0.092872)","(-0.056466, -0.601959, -0.796528)"
6.754745,"(0.000064, -0.143499, 0.013247)","(0.05818, 0.976373, -0.208113)","(-0.209258, 0.049551, -0.976604)","(0.616294, -0.699883, 0.361035)","(-0.405212, -0.775916, -0.483485)","(0.033307, 0.318183, 0.947444)","(0.119215, -0.4368, 0.891624)","(-0.132093, -0.933371, -0.333721)","(0.006119, -0.998532, 0.053824)","(-0.042638, -0.463313, -0.885169)"
6.800503,"(-0.000013, -0.074875, 0.030063)","(0.055749, 0.982203, -0.179359)","(-0.242225, -0.073736, -0.967414)","(0.615009, -0.779993, 0.115652)","(-0.364411, -0.822633, -0.436439)","(0.105544, 0.161953, 0.981138)","(0.111307, -0.675651, 0.72877)","(-0.127677, -0.987129, -0.096312)","(0.033252, -0.944435, -0.327014)","(-0.022637, -0.34311, -0.939023)"
6.845444,"(0.000041, -0.002586, 0.036757)","(0.045464, 0.997426, -0.05545)","(-0.30558, -0.273904, -0.91192)","(0.548431, -0.783398, -0.292422)","(-0.321124, -0.895827, -0.307203)","(0.23834, -0.146605, 0.960053)","(0.104529, -0.937983, 0.330547)","(-0.10339, -0.97807, 0.180804)","(0.062525, -0.883577, -0.464092)","(-0.004107, -0.245183, -0.969468)"
6.892147,"(0.00001, 0.023837, 0.028965)","(0.029138, 0.990682, 0.133044)","(-0.382923, -0.495749, -0.779489)","(0.416541, -0.636251, -0.649368)","(-0.281347, -0.953942, -0.104109)","(0.335384, -0.462747, 0.820599)","(0.099657, -0.985784, 0.135269)","(-0.071771, -0.859646, 0.505823)","(0.08165, -0.929113, -0.360669)","(0.009734, -0.153377, -0.98812)"
6.938763,"(0.000032, 0.008803, 0.010648)","(0.012242, 0.947732, 0.318833)","(-0.471662, -0.671654, -0.571328)","(0.300561, -0.448643, -0.841654)","(-0.264825, -0.953189, 0.145942)","(0.348907, -0.680583, 0.64426)","(0.096549, -0.974117, 0.204389)","(-0.045207, -0.600885, 0.798056)","(0.089919, -0.923989, -0.371697)","(0.014997, -0.218644, -0.975689)"
6.984741,"(0.000001, 0.003713, -0.003635)","(0.002149, 0.904636, 0.42618)","(-0.553723, -0.762729, -0.334118)","(0.247493, -0.324912, -0.912787)","(-0.258967, -0.878102, 0.402336)","(0.301933, -0.807471, 0.506781)","(0.094957, -0.965313, 0.243215)","(-0.042168, -0.509799, 0.85926)","(0.09181, -0.924916, -0.368919)","(0.016283, -0.290671, -0.956685)"
7.032063,"(0.000003, 0.02336, -0.009292)","(-0.000528, 0.897005, 0.44202)","(-0.614084, -0.783213, -0.097352)","(0.23164, -0.197055, -0.952635)","(-0.217844, -0.699185, 0.680944)","(0.245179, -0.924913, 0.290556)","(0.093912, -0.975077, 0.20101)","(-0.054207, -0.235053, 0.97047)","(0.091034, -0.940769, -0.326598)","(0.013329, -0.745044, -0.666882)"
7.078991,"(-0.000048, 0.029442, -0.01201)","(-0.0084, 0.933066, 0.359608)","(-0.658294, -0.743524, 0.117564)","(0.25157, -0.055524, -0.966245)","(-0.128337, -0.383337, 0.914649)","(0.200433, -0.97894, -0.038758)","(0.093891, -0.986311, 0.135556)","(-0.099248, -0.233893, 0.967184)","(0.088776, -0.894763, -0.437627)","(0.033939, -0.991559, -0.125138)"
7.125,"(0.000034, -0.01686, -0.011469)","(-0.02423, 0.981892, 0.187886)","(-0.689358, -0.670226, 0.274923)","(0.291081, 0.060079, -0.95481)","(-0.019437, -0.031226, 0.999323)","(0.197454, -0.910779, -0.362622)","(0.101122, -0.978027, -0.182312)","(-0.1183, -0.415124, 0.90204)","(0.078969, -0.780185, -0.620544)","(0.023351, -0.987897, 0.153346)"
7.171577,"(0.000031, -0.115822, -0.007182)","(-0.041617, 0.999081, -0.010228)","(-0.702845, -0.613514, 0.360013)","(0.322418, 0.126026, -0.938171)","(0.06197, 0.200447, 0.977743)","(0.221604, -0.791704, -0.569295)","(0.10745, -0.910511, -0.399279)","(-0.128248, -0.451874, 0.882815)","(0.071578, -0.630651, -0.772758)","(0.005994, -0.9917, 0.128438)"
7.217041,"(-0.000064, -0.168843, 0.000914)","(-0.054018, 0.985928, -0.158206)","(-0.706359, -0.594308, 0.38452)","(0.337686, 0.148777, -0.929426)","(0.089312, 0.271092, 0.958401)","(0.249962, -0.710395, -0.657919)","(0.114048, -0.90089, -0.418796)","(-0.139943, -0.382183, 0.913429)","(0.06831, -0.554148, -0.82961)","(0.015144, -0.996215, 0.085596)"
7.262386,"(-0.000023, -0.140035, 0.015301)","(-0.058154, 0.97614, -0.209212)","(-0.693254, -0.643576, 0.32436)","(0.356143, 0.127372, -0.92571)","(0.07432, 0.188793, 0.979201)","(0.258303, -0.686425, -0.67978)","(0.116212, -0.938555, -0.324976)","(-0.143276, -0.453963, 0.879426)","(0.059573, -0.41983, -0.905646)","(0.009656, -0.998388, 0.055922)"
7.309227,"(0.000082, -0.061935, 0.032549)","(-0.056051, 0.984682, -0.165107)","(-0.648111, -0.749612, 0.134289)","(0.403034, 0.057346, -0.913387)","(0.039437, -0.050197, 0.99796)","(0.250416, -0.706854, -0.661551)","(0.092138, -0.994851, -0.042224)","(-0.145039, -0.730736, 0.667074)","(0.051685, -0.272407, -0.960793)","(-0.00694, -0.933331, -0.358951)"
7.354122,"(-0.000052, 0.006549, 0.036068)","(-0.048221, 0.998594, -0.022039)","(-0.559347, -0.80601, -0.193597)","(0.468038, -0.059205, -0.881723)","(0.007111, -0.410906, 0.91165)","(0.235324, -0.766221, -0.597937)","(0.038623, -0.947941, 0.316094)","(-0.133307, -0.95345, 0.270486)","(0.055829, -0.162769, -0.985084)","(-0.038314, -0.905058, -0.42356)"
7.398563,"(0.000015, 0.020973, 0.024478)","(-0.035261, 0.984746, 0.17039)","(-0.463245, -0.731833, -0.499825)","(0.53089, -0.193828, -0.824977)","(-0.005058, -0.701398, 0.712752)","(0.225422, -0.839859, -0.493784)","(-0.021281, -0.751855, 0.658985)","(-0.125109, -0.981369, 0.145818)","(0.071343, -0.151545, -0.985872)","(-0.056785, -0.93717, -0.344219)"
7.443359,"(0.000009, 0.009482, 0.006111)","(-0.020117, 0.940175, 0.340099)","(-0.388587, -0.605644, -0.694403)","(0.583767, -0.321686, -0.745476)","(-0.020849, -0.858216, 0.512865)","(0.235382, -0.905452, -0.353203)","(-0.060682, -0.495982, 0.86621)","(-0.126828, -0.969525, 0.209608)","(0.084796, -0.299955, -0.950177)","(-0.05681, -0.936806, -0.345205)"
7.488441,"(-0.000004, 0.007899, -0.004475)","(-0.006406, 0.900965, 0.433845)","(-0.339487, -0.48906, -0.803473)","(0.624842, -0.452273, -0.636413)","(-0.066118, -0.93152, 0.357631)","(0.257178, -0.955333, -0.145597)","(-0.061381, -0.448594, 0.891625)","(-0.122912, -0.963496, 0.237841)","(0.081229, -0.394333, -0.915371)","(-0.057891, -0.941427, -0.332211)"
7.533501,"(0.000005, 0.025878, -0.010209)","(0.004936, 0.898402, 0.439145)","(-0.302142, -0.3457, -0.888371)","(0.659791, -0.613162, -0.434406)","(-0.14927, -0.97369, 0.172182)","(0.258826, -0.936553, 0.236383)","(-0.058851, -0.244982, 0.96774)","(-0.114107, -0.972181, 0.204559)","(0.095345, -0.800794, -0.591303)","(-0.063806, -0.950202, -0.305032)"
7.578136,"(0.000082, 0.029095, -0.012216)","(0.018392, 0.934504, 0.355476)","(-0.269514, -0.179941, -0.946036)","(0.672729, -0.72953, -0.12338)","(-0.25585, -0.9656, -0.046452)","(0.215382, -0.680369, 0.700507)","(-0.005693, -0.281005, 0.95969)","(-0.11069, -0.983884, 0.140431)","(0.06572, -0.991185, -0.115037)","(-0.065401, -0.901453, -0.427909)"
7.623199,"(-0.000092, -0.014959, -0.011598)","(0.03362, 0.980916, 0.191505)","(-0.231563, -0.040131, -0.971992)","(0.656398, -0.731074, 0.186207)","(-0.339103, -0.908076, -0.245778)","(0.146811, -0.220635, 0.964244)","(0.067511, -0.431396, 0.899633)","(-0.109508, -0.981304, -0.158273)","(0.018425, -0.991352, 0.129928)","(-0.064232, -0.788696, -0.611419)"
7.668938,"(-0.000029, -0.109762, -0.007696)","(0.047068, 0.998887, -0.00305)","(-0.208651, 0.058234, -0.976255)","(0.630615, -0.677691, 0.378232)","(-0.402379, -0.827444, -0.391699)","(0.089757, 0.163689, 0.98242)","(0.104751, -0.457001, 0.883277)","(-0.113717, -0.917841, -0.380311)","(0.007794, -0.993955, 0.109513)","(-0.059466, -0.643949, -0.762754)"
7.713638,"(0.00006, -0.164472, 0.000088)","(0.055405, 0.98679, -0.152234)","(-0.200263, 0.089272, -0.975667)","(0.616167, -0.654959, 0.437456)","(-0.420476, -0.777253, -0.468058)","(0.040127, 0.331334, 0.94266)","(0.122075, -0.385919, 0.91442)","(-0.123108, -0.908692, -0.398902)","(-0.005826, -0.997777, 0.066392)","(-0.054276, -0.563593, -0.824268)"
7.75996,"(0.000055, -0.141031, 0.014059)","(0.058196, 0.976246, -0.208704)","(-0.210468, 0.045563, -0.976538)","(0.616906, -0.70332, 0.353224)","(-0.403951, -0.777028, -0.482755)","(0.034919, 0.314213, 0.94871)","(0.118929, -0.443325, 0.888436)","(-0.132575, -0.93629, -0.325247)","(0.007128, -0.998851, 0.047386)","(-0.04149, -0.45511, -0.889468)"
7.805153,"(-0.000064, -0.065233, 0.032039)","(0.054982, 0.983919, -0.169944)","(-0.245219, -0.099443, -0.964354)","(0.611256, -0.787911, 0.074581)","(-0.350292, -0.83537, -0.423619)","(0.118978, 0.132743, 0.983984)","(0.111112, -0.716856, 0.68831)","(-0.125454, -0.989682, -0.069224)","(0.03623, -0.930435, -0.364661)","(-0.020447, -0.333963, -0.942365)"
7.850426,"(0.000033, 0.002748, 0.036708)","(0.043977, 0.998314, -0.037884)","(-0.313071, -0.297697, -0.901867)","(0.536219, -0.774428, -0.335754)","(-0.315974, -0.903758, -0.288761)","(0.251773, -0.182134, 0.950494)","(0.103923, -0.949686, 0.295459)","(-0.100303, -0.971912, 0.212902)","(0.065145, -0.889038, -0.453174)","(-0.002302, -0.232371, -0.972625)"
7.89526,"(0.000005, 0.023903, 0.02743)","(0.027208, 0.987583, 0.154725)","(-0.392331, -0.518036, -0.760076)","(0.401574, -0.615159, -0.678467)","(-0.278582, -0.957188, -0.078635)","(0.34098, -0.491939, 0.80108)","(0.099403, -0.986165, 0.132658)","(-0.068356, -0.837867, 0.541577)","(0.082826, -0.931148, -0.355111)","(0.010758, -0.151092, -0.988461)"
7.940483,"(0.000037, 0.007689, 0.009367)","(0.011363, 0.944521, 0.328255)","(-0.47763, -0.680027, -0.556267)","(0.295819, -0.439077, -0.848353)","(-0.26468, -0.950501, 0.162763)","(0.346837, -0.690379, 0.634887)","(0.096367, -0.972899, 0.210192)","(-0.044422, -0.590455, 0.805847)","(0.09018, -0.923048, -0.373965)","(0.015093, -0.2223, -0.974861)"
7.985355,"(0, 0.004072, -0.003937)","(0.001903, 0.903423, 0.428746)","(-0.556217, -0.764805, -0.32511)","(0.246086, -0.320711, -0.914651)","(-0.25812, -0.873796, 0.412134)","(0.299779, -0.811756, 0.501183)","(0.094942, -0.965515, 0.242419)","(-0.042233, -0.506645, 0.86112)","(0.09181, -0.925644, -0.36709)","(0.016182, -0.296572, -0.954873)"
8.030228,"(0, 0.023583, -0.009336)","(-0.000579, 0.897219, 0.441586)","(-0.614757, -0.783059, -0.0943)","(0.231735, -0.195243, -0.952984)","(-0.216964, -0.695906, 0.684574)","(0.244458, -0.926241, 0.286911)","(0.093912, -0.97518, 0.200511)","(-0.054585, -0.232422, 0.971082)","(0.091031, -0.940629, -0.327003)","(0.013429, -0.750724, -0.66048)"
8.075386,"(-0.00004, 0.029916, -0.011962)","(-0.007917, 0.931082, 0.364724)","(-0.657047, -0.745739, 0.110288)","(0.250258, -0.060831, -0.966266)","(-0.132606, -0.397211, 0.908097)","(0.201418, -0.979188, -0.024949)","(0.093761, -0.985401, 0.142103)","(-0.097347, -0.227175, 0.968976)","(0.089017, -0.897952, -0.430997)","(0.032962, -0.98913, -0.143299)"
8.120651,"(0.000049, -0.01089, -0.011633)","(-0.022842, 0.978852, 0.20329)","(-0.688087, -0.675255, 0.265645)","(0.288799, 0.053829, -0.955875)","(-0.027541, -0.05531, 0.998089)","(0.198085, -0.918857, -0.341268)","(0.100699, -0.983626, -0.149465)","(-0.117956, -0.40463, 0.906841)","(0.079753, -0.78858, -0.609739)","(0.02557, -0.989118, 0.144887)"
8.168591,"(0.00001, -0.107255, -0.007754)","(-0.040124, 0.999169, 0.007186)","(-0.701995, -0.617558, 0.354718)","(0.320448, 0.121569, -0.939433)","(0.056465, 0.185516, 0.981018)","(0.218761, -0.802422, -0.555214)","(0.106897, -0.913496, -0.392554)","(-0.126898, -0.456346, 0.880707)","(0.072199, -0.643736, -0.761834)","(0.005792, -0.991026, 0.133544)"
8.21389,"(-0.000061, -0.168356, 0.000307)","(-0.053458, 0.987022, -0.151428)","(-0.706431, -0.594081, 0.384738)","(0.337259, 0.14857, -0.929615)","(0.089336, 0.27137, 0.95832)","(0.24859, -0.71343, -0.65515)","(0.114083, -0.90301, -0.414195)","(-0.139609, -0.384493, 0.91251)","(0.068102, -0.552076, -0.831008)","(0.014912, -0.996127, 0.086651)"
8.259823,"(-0.000052, -0.143973, 0.014151)","(-0.05809, 0.97624, -0.208761)","(-0.69551, -0.636995, 0.332421)","(0.353869, 0.130369, -0.926164)","(0.076149, 0.199798, 0.976874)","(0.258231, -0.686667, -0.679562)","(0.116511, -0.933624, -0.338779)","(-0.142873, -0.443733, 0.884697)","(0.060572, -0.432932, -0.899389)","(0.010173, -0.997532, 0.069476)"
8.305908,"(0.000061, -0.066837, 0.031553)","(-0.056304, 0.983799, -0.170207)","(-0.651845, -0.743577, 0.148969)","(0.399507, 0.062585, -0.914591)","(0.041524, -0.032606, 0.998605)","(0.250918, -0.704551, -0.663814)","(0.094443, -0.993782, -0.058977)","(-0.145001, -0.710343, 0.688758)","(0.051902, -0.278778, -0.958952)","(-0.005808, -0.939955, -0.34125)"
8.351597,"(-0.000068, 0.003171, 0.036179)","(-0.048986, 0.998187, -0.034975)","(-0.566699, -0.806518, -0.168466)","(0.462938, -0.049697, -0.884996)","(0.008564, -0.385086, 0.922841)","(0.236406, -0.761071, -0.604056)","(0.043213, -0.956186, 0.289552)","(-0.134497, -0.946338, 0.293861)","(0.055001, -0.169312, -0.984027)","(-0.035922, -0.900973, -0.432385)"
8.396767,"(-0.000002, 0.020973, 0.025261)","(-0.036081, 0.98651, 0.159678)","(-0.468189, -0.738372, -0.485393)","(0.527478, -0.186431, -0.828861)","(-0.004516, -0.688778, 0.724959)","(0.225203, -0.835838, -0.500658)","(-0.018033, -0.766581, 0.641895)","(-0.12528, -0.981188, 0.146887)","(0.070217, -0.146112, -0.986773)","(-0.056285, -0.93635, -0.346527)"
8.442772,"(0.000007, 0.010056, 0.006702)","(-0.020723, 0.942169, 0.334496)","(-0.39098, -0.610417, -0.688858)","(0.581972, -0.316875, -0.748932)","(-0.019743, -0.854189, 0.519588)","(0.234618, -0.903232, -0.359342)","(-0.060092, -0.499844, 0.864028)","(-0.126739, -0.970204, 0.206499)","(0.084837, -0.297777, -0.950859)","(-0.056945, -0.937229, -0.344035)"
8.488361,"(-0.000005, 0.007755, -0.004382)","(-0.006566, 0.901278, 0.433192)","(-0.339996, -0.490632, -0.802299)","(0.624353, -0.450378, -0.638234)","(-0.065277, -0.930802, 0.359649)","(0.256934, -0.954845, -0.149187)","(-0.061474, -0.449525, 0.89115)","(-0.123022, -0.963423, 0.23808)","(0.081229, -0.39168, -0.916509)","(-0.05782, -0.941211, -0.332834)"
8.534252,"(0.000005, 0.025851, -0.010203)","(0.004913, 0.898369, 0.439215)","(-0.3022, -0.345981, -0.888241)","(0.659741, -0.612885, -0.434872)","(-0.149096, -0.973652, 0.172549)","(0.258859, -0.936751, 0.235563)","(-0.058888, -0.245185, 0.967686)","(-0.114116, -0.972171, 0.204601)","(0.095339, -0.80018, -0.592135)","(-0.0638, -0.950231, -0.304945)"
8.579315,"(0.000084, 0.028847, -0.012222)","(0.018641, 0.935327, 0.353293)","(-0.268986, -0.177127, -0.946717)","(0.672697, -0.730504, -0.117655)","(-0.257742, -0.96491, -0.050181)","(0.214312, -0.673588, 0.707354)","(-0.004125, -0.283616, 0.958929)","(-0.110639, -0.984287, 0.137614)","(0.064504, -0.992016, -0.108368)","(-0.065408, -0.900046, -0.430858)"
8.624428,"(-0.000075, -0.016937, -0.011546)","(0.034014, 0.981873, 0.186463)","(-0.231377, -0.035966, -0.972199)","(0.655717, -0.729902, 0.193074)","(-0.342576, -0.905399, -0.250787)","(0.14508, -0.208342, 0.967236)","(0.068889, -0.434039, 0.898257)","(-0.109429, -0.979599, -0.168556)","(0.017782, -0.99105, 0.132304)","(-0.064236, -0.785837, -0.615088)"
8.669155,"(-0.000037, -0.112119, -0.007535)","(0.047367, 0.998846, -0.007957)","(-0.208076, 0.059853, -0.97628)","(0.630072, -0.676363, 0.3815)","(-0.403242, -0.825624, -0.394639)","(0.088363, 0.171152, 0.981274)","(0.105505, -0.455383, 0.884022)","(-0.113953, -0.9172, -0.381784)","(0.007347, -0.994118, 0.108052)","(-0.059237, -0.6402, -0.765921)"
8.714191,"(0.00006, -0.164515, 0.000132)","(0.055431, 0.986711, -0.15274)","(-0.200266, 0.089267, -0.975667)","(0.616138, -0.65499, 0.43745)","(-0.420476, -0.777125, -0.46827)","(0.039898, 0.331624, 0.942568)","(0.122098, -0.385743, 0.914492)","(-0.123099, -0.90852, -0.399297)","(-0.005835, -0.997782, 0.066315)","(-0.054306, -0.563792, -0.824129)"
8.759827,"(0.000051, -0.140377, 0.014267)","(0.058199, 0.97622, -0.208823)","(-0.210804, 0.044504, -0.976515)","(0.617054, -0.704236, 0.351135)","(-0.403628, -0.77733, -0.482537)","(0.035372, 0.313123, 0.949054)","(0.118865, -0.445062, 0.887576)","(-0.132687, -0.937052, -0.322997)","(0.007383, -0.998942, 0.045384)","(-0.041192, -0.453037, -0.89054)"
8.805065,"(-0.000062, -0.065482, 0.031988)","(0.055001, 0.983873, -0.1702)","(-0.24518, -0.098743, -0.964436)","(0.611361, -0.787726, 0.07566)","(-0.350716, -0.835017, -0.423964)","(0.118621, 0.133516, 0.983922)","(0.111118, -0.715792, 0.689417)","(-0.125517, -0.989626, -0.069906)","(0.036154, -0.9308, -0.363738)","(-0.020501, -0.334183, -0.942285)"
8.84935,"(0.000034, 0.002652, 0.03671)","(0.044005, 0.9983, -0.038224)","(-0.312932, -0.297242, -0.902065)","(0.536457, -0.774616, -0.33494)","(-0.316076, -0.903608, -0.289117)","(0.251523, -0.181461, 0.950688)","(0.103935, -0.949483, 0.296106)","(-0.100363, -0.972039, 0.21229)","(0.065096, -0.888927, -0.4534)","(-0.002335, -0.232612, -0.972567)"
8.893669,"(0.000007, 0.023917, 0.027759)","(0.02762, 0.988285, 0.150101)","(-0.390375, -0.513292, -0.764289)","(0.404727, -0.619722, -0.672414)","(-0.279202, -0.956541, -0.08412)","(0.339867, -0.485805, 0.805285)","(0.099464, -0.986099, 0.133103)","(-0.069082, -0.84269, 0.53395)","(0.082576, -0.930779, -0.356135)","(0.010546, -0.151331, -0.988427)"
8.939072,"(0.000035, 0.008251, 0.010019)","(0.011809, 0.946158, 0.32349)","(-0.47457, -0.675806, -0.563977)","(0.298185, -0.443904, -0.845006)","(-0.264734, -0.951919, 0.154166)","(0.347935, -0.685435, 0.639625)","(0.096458, -0.973521, 0.207251)","(-0.044784, -0.595561, 0.802061)","(0.09005, -0.923527, -0.372812)","(0.015025, -0.220539, -0.975263)"
8.984135,"(0.000001, 0.003776, -0.00369)","(0.002104, 0.904412, 0.426654)","(-0.554179, -0.763112, -0.332483)","(0.247234, -0.324151, -0.913127)","(-0.258818, -0.87733, 0.404112)","(0.301542, -0.808248, 0.505774)","(0.094954, -0.965349, 0.243073)","(-0.042176, -0.50927, 0.859573)","(0.09181, -0.925049, -0.368586)","(0.016264, -0.291681, -0.956377)"
9.028748,"(0.000006, 0.023133, -0.009247)","(-0.000481, 0.896803, 0.442431)","(-0.613419, -0.783355, -0.10036)","(0.231558, -0.198837, -0.952284)","(-0.2187, -0.702389, 0.677363)","(0.245891, -0.923595, 0.294127)","(0.093913, -0.974973, 0.201512)","(-0.053852, -0.237748, 0.969833)","(0.091038, -0.940887, -0.326258)","(0.013243, -0.739345, -0.673197)"
9.074127,"(-0.000033, 0.03025, -0.011917)","(-0.007539, 0.929504, 0.368734)","(-0.656022, -0.747492, 0.104361)","(0.249193, -0.06514, -0.966261)","(-0.136013, -0.408317, 0.90265)","(0.202224, -0.979241, -0.01386)","(0.09366, -0.984682, 0.147072)","(-0.095797, -0.222002, 0.970329)","(0.089197, -0.900445, -0.425725)","(0.032151, -0.986896, -0.158124)"
9.11945,"(0.000052, -0.008889, -0.011684)","(-0.022358, 0.977735, 0.20865)","(-0.687634, -0.677017, 0.262311)","(0.287987, 0.051591, -0.956244)","(-0.030424, -0.063901, 0.997492)","(0.198365, -0.921597, -0.333633)","(0.100526, -0.985373, -0.137602)","(-0.117833, -0.400693, 0.908603)","(0.080043, -0.791547, -0.605844)","(0.026368, -0.989577, 0.141571)"
9.165154,"(0.000004, -0.104884, -0.007903)","(-0.039708, 0.999139, 0.012031)","(-0.701743, -0.618733, 0.353166)","(0.319929, 0.120234, -0.939782)","(0.054861, 0.181128, 0.981928)","(0.217998, -0.805466, -0.551091)","(0.106793, -0.914757, -0.389635)","(-0.12656, -0.457063, 0.880384)","(0.07236, -0.647094, -0.758969)","(0.005859, -0.990854, 0.134808)"
9.209503,"(-0.000052, -0.167373, -0.00036)","(-0.052774, 0.988292, -0.143155)","(-0.70644, -0.594179, 0.384571)","(0.336793, 0.14809, -0.92986)","(0.089129, 0.270897, 0.958473)","(0.246905, -0.717245, -0.651611)","(0.114101, -0.905728, -0.408212)","(-0.139197, -0.387777, 0.911183)","(0.067843, -0.549417, -0.83279)","(0.01459, -0.996024, 0.087882)"
9.255798,"(-0.000064, -0.149091, 0.012526)","(-0.057958, 0.976543, -0.207378)","(-0.698078, -0.628825, 0.342441)","(0.351082, 0.134151, -0.926685)","(0.078536, 0.213556, 0.973769)","(0.258085, -0.687351, -0.678926)","(0.116653, -0.927119, -0.356149)","(-0.142549, -0.430455, 0.891285)","(0.06193, -0.451708, -0.890014)","(0.011052, -0.996683, 0.08063)"
9.301632,"(0.000027, -0.07442, 0.030041)","(-0.056666, 0.982477, -0.177563)","(-0.657165, -0.73414, 0.170802)","(0.393853, 0.070304, -0.916481)","(0.044787, -0.006172, 0.998978)","(0.251277, -0.701332, -0.667078)","(0.097746, -0.991576, -0.084992)","(-0.144769, -0.678797, 0.719914)","(0.052375, -0.289287, -0.955809)","(-0.004181, -0.950074, -0.311998)"
9.347111,"(-0.00008, -0.001624, 0.036211)","(-0.049927, 0.997437, -0.051244)","(-0.576139, -0.805963, -0.135967)","(0.45601, -0.037977, -0.889164)","(0.010583, -0.351238, 0.936226)","(0.237228, -0.754765, -0.611599)","(0.049, -0.965634, 0.255245)","(-0.135906, -0.935691, 0.325594)","(0.05406, -0.178604, -0.982435)","(-0.032875, -0.896115, -0.442603)"
9.392357,"(-0.000022, 0.02094, 0.026693)","(-0.037523, 0.98939, 0.140354)","(-0.47735, -0.749499, -0.458681)","(0.52131, -0.173139, -0.835619)","(-0.003714, -0.665117, 0.74673)","(0.225099, -0.828592, -0.512607)","(-0.012078, -0.791774, 0.610694)","(-0.125543, -0.980804, 0.149205)","(0.068185, -0.139162, -0.987919)","(-0.055376, -0.934689, -0.351127)"
9.437092,"(0.000001, 0.011468, 0.008183)","(-0.022216, 0.947058, 0.320292)","(-0.39706, -0.622326, -0.674577)","(0.577498, -0.304974, -0.757289)","(-0.017229, -0.843678, 0.536573)","(0.2329, -0.897645, -0.374153)","(-0.058177, -0.511864, 0.857094)","(-0.126502, -0.971812, 0.198945)","(0.084639, -0.290859, -0.953015)","(-0.057257, -0.938186, -0.341363)"
9.482258,"(-0.000013, 0.006531, -0.00345)","(-0.008157, 0.904647, 0.426083)","(-0.345119, -0.505549, -0.790768)","(0.61964, -0.432399, -0.65504)","(-0.057493, -0.923672, 0.378846)","(0.254432, -0.949761, -0.182261)","(-0.062364, -0.455113, 0.888247)","(-0.124079, -0.962822, 0.239954)","(0.081512, -0.370833, -0.925116)","(-0.057169, -0.939068, -0.338944)"
9.527233,"(-0.000007, 0.023767, -0.009693)","(0.003314, 0.896218, 0.443601)","(-0.306546, -0.367094, -0.878221)","(0.655916, -0.591505, -0.468931)","(-0.136049, -0.970306, 0.199993)","(0.261072, -0.949374, 0.174731)","(-0.061361, -0.263019, 0.962837)","(-0.114794, -0.971252, 0.208545)","(0.094772, -0.751526, -0.652861)","(-0.063235, -0.951816, -0.30008)"
9.572365,"(0.000052, 0.030716, -0.012122)","(0.016342, 0.927806, 0.372705)","(-0.273619, -0.203588, -0.940045)","(0.672663, -0.719981, -0.17074)","(-0.239779, -0.970706, -0.015338)","(0.223933, -0.733866, 0.641323)","(-0.018446, -0.260726, 0.965237)","(-0.11108, -0.980624, 0.161364)","(0.075587, -0.982118, -0.172425)","(-0.065281, -0.91242, -0.404015)"
9.618008,"(-0.000179, -0.00579, -0.011804)","(0.03166, 0.975863, 0.216077)","(-0.231461, -0.061925, -0.970871)","(0.659512, -0.736354, 0.151084)","(-0.320094, -0.921407, -0.220337)","(0.155424, -0.282125, 0.946704)","(0.060207, -0.416804, 0.907001)","(-0.109841, -0.988357, -0.105287)","(0.022029, -0.992999, 0.116052)","(-0.064178, -0.802948, -0.592584)"
9.664185,"(0.000003, -0.099769, -0.008335)","(0.045765, 0.998793, 0.017831)","(-0.211552, 0.050996, -0.976036)","(0.632927, -0.683702, 0.363257)","(-0.398697, -0.835265, -0.378648)","(0.095619, 0.130103, 0.986879)","(0.101464, -0.461505, 0.881316)","(-0.113121, -0.922605, -0.368787)","(0.009366, -0.993321, 0.115005)","(-0.060223, -0.658524, -0.750147)"
9.709824,"(0.000049, -0.163089, -0.000841)","(0.054816, 0.988529, -0.140733)","(-0.200341, 0.08898, -0.975677)","(0.616846, -0.65477, 0.43678)","(-0.420295, -0.780318, -0.463094)","(0.045285, 0.323887, 0.945012)","(0.121487, -0.390342, 0.912619)","(-0.123278, -0.912645, -0.38972)","(-0.005495, -0.997665, 0.068078)","(-0.053611, -0.559198, -0.827299)"
9.756004,"(0.000067, -0.145338, 0.012615)","(0.058158, 0.976503, -0.207509)","(-0.20842, 0.052514, -0.976629)","(0.615784, -0.697337, 0.366785)","(-0.406202, -0.775123, -0.483926)","(0.032204, 0.320983, 0.946537)","(0.119474, -0.431951, 0.893949)","(-0.131671, -0.931147, -0.340041)","(0.005316, -0.998332, 0.057489)","(-0.043519, -0.469836, -0.88168)"
9.809868,"(-0.000023, -0.072577, 0.030534)","(0.055574, 0.982604, -0.177206)","(-0.243205, -0.079596, -0.966704)","(0.614178, -0.782019, 0.105982)","(-0.361478, -0.825481, -0.433492)","(0.108676, 0.155111, 0.981901)","(0.111258, -0.685443, 0.719576)","(-0.127192, -0.987813, -0.089708)","(0.033973, -0.941127, -0.336341)","(-0.022097, -0.340795, -0.939878)"
9.855625,"(0.000021, 0.007607, 0.036532)","(0.042414, 0.99891, -0.019504)","(-0.320283, -0.322033, -0.890906)","(0.523296, -0.763417, -0.378623)","(-0.310372, -0.911629, -0.269447)","(0.264807, -0.217822, 0.939378)","(0.103239, -0.959549, 0.261932)","(-0.097019, -0.964461, 0.245768)","(0.067736, -0.895275, -0.440335)","(-0.000585, -0.219785, -0.975548)"
9.901226,"(-0.000019, 0.023502, 0.02582)","(0.025228, 0.983918, 0.176833)","(-0.401526, -0.540459, -0.739379)","(0.386862, -0.593026, -0.706157)","(-0.275599, -0.959863, -0.052042)","(0.345643, -0.520512, 0.780768)","(0.099079, -0.986254, 0.132236)","(-0.065017, -0.813059, 0.57854)","(0.084025, -0.93234, -0.351685)","(0.011843, -0.152042, -0.988303)"
9.945263,"(0.000033, 0.005686, 0.00695)","(0.009748, 0.9384, 0.345415)","(-0.489169, -0.694973, -0.526997)","(0.287695, -0.421821, -0.859825)","(-0.264626, -0.944411, 0.195092)","(0.342102, -0.708044, 0.61777)","(0.096055, -0.970558, 0.220888)","(-0.043644, -0.574614, 0.81726)","(0.090631, -0.921275, -0.378204)","(0.01564, -0.22727, -0.973706)"
9.989632,"(-0.000002, 0.005223, -0.004745)","(0.001274, 0.900359, 0.435147)","(-0.56296, -0.770084, -0.300077)","(0.242549, -0.308842, -0.919667)","(-0.255457, -0.861055, 0.439688)","(0.293787, -0.823788, 0.484833)","(0.094903, -0.966157, 0.239863)","(-0.04268, -0.49414, 0.868334)","(0.091811, -0.927631, -0.362039)","(0.015927, -0.318263, -0.947869)"
10.03368,"(-0.000021, 0.025161, -0.009637)","(-0.000967, 0.898929, 0.438093)","(-0.619487, -0.781592, -0.073144)","(0.232562, -0.18243, -0.955319)","(-0.210688, -0.672241, 0.709721)","(0.239574, -0.935209, 0.260747)","(0.093841, -0.975802, 0.197494)","(-0.05762, -0.215471, 0.974809)","(0.090993, -0.939403, -0.330517)","(0.014424, -0.789368, -0.613751)"
