time,neck,shoulder_l,shoulder_r,elbow_l,elbow_r,hip_l,hip_r,knee_l,knee_r
0,"(0, 0.990202, 0.139641)","(-0.99736, -0.070715, 0.016495)","(0.997355, -0.070714, 0.016828)","(-0.997727, -0.064344, 0.020019)","(0.997735, -0.064343, 0.019616)","(0.022694, -0.999177, 0.033621)","(-0.022692, -0.999177, 0.033623)","(-0.001631, -0.994963, -0.100233)","(0.001628, -0.994963, -0.100233)"
0.16914,"(-0.226238, 0.942611, 0.245563)","(-0.509884, -0.822288, -0.252707)","(0.560838, -0.764209, 0.318507)","(0.404496, 0.090981, 0.910003)","(0.059005, 0.488792, 0.870403)","(0.114513, -0.878306, 0.464183)","(-0.025177, -0.826386, 0.562541)","(-0.267658, -0.755092, -0.598495)","(0.280678, -0.802243, -0.526903)"
0.205596,"(-0.200463, 0.949824, 0.240101)","(-0.322518, -0.594386, -0.736673)","(0.136056, -0.773926, 0.618488)","(-0.516947, -0.587834, 0.622268)","(-0.420255, 0.553333, 0.719172)","(0.094965, -0.943358, 0.317896)","(0.0248, -0.828781, 0.559023)","(-0.065348, -0.888412, -0.454371)","(0.173152, -0.828688, -0.532254)"
0.223067,"(-0.187943, 0.954025, 0.233483)","(-0.289427, -0.532649, -0.79531)","(0.030563, -0.728579, 0.68428)","(-0.641501, -0.584078, 0.497322)","(-0.548866, 0.538496, 0.63935)","(0.082424, -0.959854, 0.268117)","(0.042289, -0.818869, 0.572421)","(-0.013663, -0.913841, -0.405843)","(0.106837, -0.843254, -0.526791)"
0.245723,"(-0.181088, 0.95635, 0.22935)","(-0.273626, -0.495911, -0.824136)","(-0.024969, -0.700136, 0.713573)","(-0.696599, -0.557433, 0.451684)","(-0.601367, 0.536146, 0.592373)","(0.078869, -0.965267, 0.249077)","(0.053809, -0.810178, 0.58371)","(0.008427, -0.921615, -0.388015)","(0.071053, -0.848676, -0.524119)"
0.264602,"(-0.1714, 0.959658, 0.222886)","(-0.257055, -0.447399, -0.856596)","(-0.098325, -0.654056, 0.750028)","(-0.762388, -0.505829, 0.403611)","(-0.660751, 0.537602, 0.523824)","(0.073578, -0.969589, 0.233417)","(0.073347, -0.79809, 0.598058)","(0.029701, -0.926633, -0.374791)","(0.025422, -0.852519, -0.522077)"
0.486882,"(-0.162651, 0.962641, 0.21649)","(-0.247624, -0.407407, -0.879035)","(-0.165403, -0.614473, 0.771405)","(-0.810794, -0.451048, 0.373053)","(-0.700635, 0.540761, 0.465498)","(0.067149, -0.970988, 0.229509)","(0.094259, -0.787201, 0.609451)","(0.042444, -0.926307, -0.374372)","(-0.013018, -0.853211, -0.521404)"
0.504865,"(-0.023304, 0.999575, 0.017541)","(-0.528122, -0.269813, -0.805164)","(-0.831728, -0.060238, 0.551906)","(-0.882908, 0.115263, 0.45518)","(-0.863265, 0.501537, -0.056867)","(-0.32441, -0.918726, 0.225167)","(0.527827, -0.615022, 0.585788)","(0.401962, -0.772203, -0.492066)","(-0.574415, -0.762501, -0.297725)"
0.523408,"(-0.010282, 0.999921, -0.007173)","(-0.549462, -0.297732, -0.780671)","(-0.852176, -0.054172, 0.520444)","(-0.868967, 0.132972, 0.476671)","(-0.872393, 0.482483, -0.078361)","(-0.333981, -0.916722, 0.219265)","(0.530513, -0.61598, 0.582344)","(0.40681, -0.772551, -0.487515)","(-0.581176, -0.759951, -0.29105)"
0.551997,"(0.003079, 0.999579, -0.02886)","(-0.567371, -0.333151, -0.753061)","(-0.868798, -0.059339, 0.491598)","(-0.853794, 0.142951, 0.500601)","(-0.880908, 0.462315, -0.101324)","(-0.332194, -0.916597, 0.222479)","(0.52268, -0.629856, 0.574532)","(0.407565, -0.777629, -0.478732)","(-0.568612, -0.754422, -0.327915)"
0.569981,"(0.023558, 0.998617, -0.046999)","(-0.587558, -0.395843, -0.705751)","(-0.886438, -0.088299, 0.454346)","(-0.829999, 0.139149, 0.540129)","(-0.891353, 0.432021, -0.137288)","(-0.313994, -0.91961, 0.23606)","(0.49855, -0.655879, 0.566808)","(0.389452, -0.792025, -0.470132)","(-0.531977, -0.753268, -0.386765)"
0.588182,"(0.036239, 0.99815, -0.048823)","(-0.594437, -0.44022, -0.672942)","(-0.893717, -0.120363, 0.432183)","(-0.815277, 0.122784, 0.565905)","(-0.896145, 0.413668, -0.160631)","(-0.293452, -0.923284, 0.247856)","(0.475908, -0.674218, 0.564749)","(0.366436, -0.804854, -0.466835)","(-0.497818, -0.757202, -0.422873)"
0.60654,"(0.048868, 0.997857, -0.043515)","(-0.597821, -0.486043, -0.637474)","(-0.897889, -0.161269, 0.409618)","(-0.799557, 0.095457, 0.592956)","(-0.899013, 0.397316, -0.184162)","(-0.265262, -0.928286, 0.260616)","(0.446193, -0.695127, 0.563658)","(0.334367, -0.820784, -0.463155)","(-0.452706, -0.763939, -0.459842)"
0.624958,"(0.061359, 0.997655, -0.030323)","(-0.598163, -0.531122, -0.600092)","(-0.895566, -0.210725, 0.391863)","(-0.782332, 0.059158, 0.620046)","(-0.901437, 0.38215, -0.203403)","(-0.232088, -0.933979, 0.271697)","(0.410944, -0.717347, 0.562617)","(0.296028, -0.838551, -0.457383)","(-0.397721, -0.772943, -0.494345)"
0.643217,"(0.073573, 0.997252, -0.008743)","(-0.595276, -0.574662, -0.561614)","(-0.885182, -0.267028, 0.380984)","(-0.762813, 0.013774, 0.646473)","(-0.904002, 0.368969, -0.215968)","(-0.194588, -0.940341, 0.279096)","(0.370675, -0.740801, 0.560192)","(0.252332, -0.8578, -0.44778)","(-0.333166, -0.783688, -0.524246)"
0.661275,"(0.085284, 0.996218, 0.016602)","(-0.591435, -0.612866, -0.524023)","(-0.863278, -0.326605, 0.384812)","(-0.738744, -0.03601, 0.673023)","(-0.908339, 0.356736, -0.21831)","(-0.158703, -0.946362, 0.281448)","(0.329352, -0.764308, 0.554402)","(0.209435, -0.876324, -0.433812)","(-0.262608, -0.794295, -0.547844)"
0.679572,"(0.096454, 0.994326, 0.044869)","(-0.587143, -0.645805, -0.488056)","(-0.82915, -0.388444, 0.402021)","(-0.709592, -0.089354, 0.698924)","(-0.914693, 0.345082, -0.210369)","(-0.125231, -0.95211, 0.278934)","(0.288194, -0.787972, 0.5441)","(0.168441, -0.893733, -0.415775)","(-0.187766, -0.804111, -0.564048)"
0.697575,"(0.107244, 0.991638, 0.071776)","(-0.584931, -0.672763, -0.45304)","(-0.782858, -0.448984, 0.430751)","(-0.672348, -0.142416, 0.726407)","(-0.922925, 0.33328, -0.1927)","(-0.09707, -0.956818, 0.274001)","(0.249994, -0.810703, 0.5294)","(0.132064, -0.908699, -0.396012)","(-0.115401, -0.812481, -0.571452)"
0.71561,"(0.117382, 0.988371, 0.096662)","(-0.585186, -0.693595, -0.4201)","(-0.724852, -0.50567, 0.467854)","(-0.628416, -0.19247, 0.75369)","(-0.932463, 0.3206, -0.16652)","(-0.074726, -0.960362, 0.268554)","(0.216835, -0.831409, 0.511608)","(0.101166, -0.920731, -0.376856)","(-0.047828, -0.819557, -0.570997)"
0.733942,"(0.126974, 0.984773, 0.118741)","(-0.589085, -0.708494, -0.388607)","(-0.655799, -0.55596, 0.510721)","(-0.576091, -0.236836, 0.782322)","(-0.942758, 0.305644, -0.13338)","(-0.058905, -0.962173, 0.265996)","(0.190297, -0.849259, 0.492489)","(0.075694, -0.929384, -0.36127)","(0.015254, -0.8258, -0.563757)"
0.752025,"(0.136176, 0.980931, 0.138675)","(-0.595883, -0.719122, -0.357473)","(-0.574191, -0.60118, 0.555776)","(-0.516326, -0.273872, 0.81142)","(-0.953023, 0.288143, -0.093384)","(-0.047585, -0.962297, 0.267807)","(0.169146, -0.86448, 0.473354)","(0.054793, -0.934859, -0.350766)","(0.071809, -0.830292, -0.552684)"
0.769964,"(0.14467, 0.977118, 0.155917)","(-0.604623, -0.726262, -0.32707)","(-0.484221, -0.639455, 0.597183)","(-0.451873, -0.299565, 0.840281)","(-0.96183, 0.26933, -0.04841)","(-0.040146, -0.960483, 0.275427)","(0.152872, -0.875554, 0.458297)","(0.039587, -0.93689, -0.347377)","(0.115602, -0.832107, -0.542433)"
0.788176,"(0.15252, 0.973395, 0.170996)","(-0.613792, -0.731511, -0.296901)","(-0.386967, -0.67222, 0.631171)","(-0.384859, -0.312362, 0.868512)","(-0.96821, 0.250139, -0.000417)","(-0.033595, -0.956712, 0.28909)","(0.137998, -0.882925, 0.448777)","(0.026481, -0.935813, -0.351502)","(0.15127, -0.831392, -0.534701)"
0.806246,"(0.159889, 0.969763, 0.184377)","(-0.622798, -0.735684, -0.266256)","(-0.281864, -0.699585, 0.656607)","(-0.314794, -0.310581, 0.896908)","(-0.971647, 0.230947, 0.050651)","(-0.025695, -0.950674, 0.309124)","(0.121414, -0.886356, 0.446801)","(0.013236, -0.93159, -0.36327)","(0.181068, -0.827986, -0.530711)"
0.824113,"(0.166597, 0.966332, 0.196084)","(-0.630425, -0.739725, -0.235313)","(-0.174592, -0.724115, 0.667214)","(-0.244629, -0.293631, 0.924087)","(-0.971479, 0.214407, 0.101282)","(-0.016902, -0.942712, 0.333181)","(0.10384, -0.887616, 0.448726)","(-0.001973, -0.924419, -0.381373)","(0.206474, -0.822099, -0.530586)"
0.841944,"(0.17263, 0.963169, 0.206168)","(-0.636519, -0.743697, -0.20435)","(-0.067931, -0.745931, 0.66255)","(-0.175156, -0.261116, 0.949283)","(-0.967816, 0.201632, 0.15059)","(-0.006828, -0.932984, 0.359853)","(0.084765, -0.88711, 0.453708)","(-0.020231, -0.914253, -0.404638)","(0.22825, -0.813921, -0.534261)"
0.883522,"(0.182993, 0.957505, 0.22293)","(-0.640712, -0.755906, -0.134515)","(0.151318, -0.771723, 0.617694)","(-0.038131, -0.151765, 0.987681)","(-0.94998, 0.180617, 0.254784)","(0.014981, -0.908903, 0.416738)","(0.043732, -0.881606, 0.469956)","(-0.070384, -0.887702, -0.455006)","(0.267804, -0.792799, -0.547495)"
0.903195,"(0.1884, 0.954404, 0.231557)","(-0.63697, -0.767483, -0.072379)","(0.276005, -0.785551, 0.553834)","(0.049446, -0.053294, 0.997354)","(-0.925973, 0.171372, 0.336459)","(0.028521, -0.891678, 0.451772)","(0.016187, -0.875545, 0.482865)","(-0.108693, -0.868369, -0.483861)","(0.29013, -0.778619, -0.556397)"
0.93924,"(0.195001, 0.950373, 0.242416)","(-0.61017, -0.79007, 0.059005)","(0.434276, -0.80862, 0.39691)","(0.178012, 0.134581, 0.974782)","(-0.854011, 0.163144, 0.494013)","(0.04478, -0.867388, 0.495614)","(-0.026415, -0.866142, 0.499099)","(-0.171567, -0.837378, -0.519002)","(0.317758, -0.760126, -0.566779)"
0.975367,"(0.198843, 0.947665, 0.249786)","(-0.550347, -0.814484, 0.183667)","(0.504777, -0.843854, 0.181966)","(0.27136, 0.322458, 0.906854)","(-0.731251, 0.154794, 0.664312)","(0.047454, -0.852318, 0.520867)","(-0.06249, -0.859951, 0.506537)","(-0.224035, -0.813508, -0.536669)","(0.329535, -0.75375, -0.568566)"
1.011356,"(0.200341, 0.946025, 0.254756)","(-0.454184, -0.833138, 0.315592)","(0.502636, -0.86312, -0.048805)","(0.329518, 0.487621, 0.808482)","(-0.556714, 0.115231, 0.822674)","(0.034214, -0.847244, 0.530102)","(-0.096888, -0.855562, 0.508554)","(-0.265077, -0.796969, -0.542748)","(0.319029, -0.757536, -0.569526)"
1.047468,"(0.199503, 0.945424, 0.257629)","(-0.338114, -0.830965, 0.441788)","(0.456819, -0.846583, -0.273153)","(0.37018, 0.595122, 0.7133)","(-0.353806, 0.014711, 0.935203)","(0.008924, -0.849106, 0.528146)","(-0.125724, -0.856142, 0.501213)","(-0.2859, -0.789717, -0.542778)","(0.293692, -0.772556, -0.562942)"
1.083615,"(0.196303, 0.9458, 0.258704)","(-0.228569, -0.811345, 0.538029)","(0.402714, -0.786109, -0.468887)","(0.423264, 0.635094, 0.646145)","(-0.137624, -0.154225, 0.978404)","(-0.016784, -0.850843, 0.525152)","(-0.144722, -0.86499, 0.480467)","(-0.258749, -0.791327, -0.553941)","(0.26081, -0.798837, -0.542068)"
1.103825,"(0.193817, 0.946331, 0.258637)","(-0.17893, -0.800032, 0.572654)","(0.376316, -0.747737, -0.547062)","(0.455915, 0.633972, 0.624677)","(-0.029476, -0.253898, 0.966782)","(-0.031965, -0.852713, 0.521402)","(-0.149391, -0.872538, 0.465144)","(-0.232739, -0.79665, -0.557836)","(0.243614, -0.814837, -0.526016)"
1.137626,"(0.186743, 0.948155, 0.257157)","(-0.084108, -0.774773, 0.62662)","(0.326687, -0.670798, -0.665812)","(0.532582, 0.605529, 0.591347)","(0.18877, -0.445224, 0.875295)","(-0.06874, -0.858213, 0.508671)","(-0.150215, -0.892986, 0.424278)","(-0.16289, -0.814677, -0.556568)","(0.203637, -0.851593, -0.483034)"
1.173778,"(0.177944, 0.950691, 0.254014)","(-0.001097, -0.745256, 0.666778)","(0.290596, -0.610418, -0.736847)","(0.602862, 0.572238, 0.555969)","(0.374069, -0.555512, 0.742616)","(-0.105331, -0.86264, 0.49473)","(-0.144039, -0.913816, 0.379728)","(-0.09116, -0.83425, -0.543798)","(0.163276, -0.884592, -0.43685)"
1.210039,"(0.166137, 0.954289, 0.248455)","(0.08705, -0.702329, 0.70651)","(0.263793, -0.547887, -0.793873)","(0.668972, 0.548493, 0.501629)","(0.548491, -0.587318, 0.59516)","(-0.141127, -0.861148, 0.488373)","(-0.134727, -0.932575, 0.334891)","(-0.009393, -0.852567, -0.522533)","(0.120679, -0.912661, -0.390494)"
1.246031,"(0.152108, 0.958695, 0.240349)","(0.17718, -0.649768, 0.739195)","(0.249116, -0.482333, -0.839819)","(0.719593, 0.542824, 0.433046)","(0.69286, -0.544885, 0.472277)","(-0.170147, -0.853093, 0.493236)","(-0.127983, -0.944055, 0.303941)","(0.080293, -0.861466, -0.501428)","(0.08424, -0.929078, -0.360162)"
1.282104,"(0.135925, 0.963839, 0.229213)","(0.265322, -0.583152, 0.767814)","(0.249477, -0.417641, -0.873691)","(0.7559, 0.551242, 0.353196)","(0.802984, -0.456216, 0.383514)","(-0.201642, -0.837354, 0.508113)","(-0.122377, -0.94736, 0.29586)","(0.154006, -0.857918, -0.490163)","(0.063231, -0.932883, -0.354586)"
1.30008,"(0.126961, 0.966692, 0.222235)","(0.311547, -0.546057, 0.777663)","(0.256744, -0.387239, -0.88551)","(0.768055, 0.559163, 0.312136)","(0.844235, -0.403495, 0.352786)","(-0.223311, -0.824602, 0.519772)","(-0.117549, -0.945962, 0.302223)","(0.187751, -0.853164, -0.486683)","(0.057006, -0.930139, -0.362756)"
1.335924,"(0.107685, 0.972778, 0.2052)","(0.404083, -0.463926, 0.788346)","(0.284274, -0.332732, -0.899154)","(0.784732, 0.575441, 0.230355)","(0.899525, -0.295969, 0.321336)","(-0.277288, -0.791172, 0.545122)","(-0.100833, -0.937916, 0.331882)","(0.259672, -0.839096, -0.478004)","(0.044005, -0.91487, -0.401343)"
1.372301,"(0.086206, 0.979405, 0.182579)","(0.499521, -0.368257, 0.784134)","(0.328424, -0.289303, -0.899134)","(0.792468, 0.59052, 0.152584)","(0.924936, -0.195375, 0.326072)","(-0.343217, -0.749671, 0.565859)","(-0.065573, -0.925048, 0.374147)","(0.341563, -0.819154, -0.460784)","(0.017975, -0.887236, -0.460966)"
1.408579,"(0.062958, 0.986222, 0.15298)","(0.589968, -0.269263, 0.761207)","(0.385102, -0.255767, -0.886724)","(0.796036, 0.60067, 0.074304)","(0.931439, -0.097545, 0.350579)","(-0.412301, -0.704907, 0.577161)","(-0.005619, -0.911326, 0.411647)","(0.420971, -0.798036, -0.431188)","(-0.031735, -0.8521, -0.522417)"
1.444767,"(0.038411, 0.992653, 0.114738)","(0.669242, -0.184843, 0.719687)","(0.446378, -0.239589, -0.862174)","(0.798181, 0.602374, -0.007192)","(0.924545, -0.005744, 0.381031)","(-0.472306, -0.66317, 0.580631)","(0.068416, -0.900945, 0.428507)","(0.484853, -0.782327, -0.391001)","(-0.09695, -0.817918, -0.567108)"
1.480976,"(0.013038, 0.997676, 0.066881)","(0.73498, -0.1303, 0.665452)","(0.505782, -0.251129, -0.8253)","(0.803877, 0.588299, -0.087677)","(0.907474, 0.068514, 0.414483)","(-0.514284, -0.629775, 0.582147)","(0.134846, -0.894993, 0.425211)","(0.525445, -0.776083, -0.348717)","(-0.152332, -0.793421, -0.589303)"
1.517134,"(-0.013048, 0.999823, 0.013543)","(0.789145, -0.110298, 0.604222)","(0.55985, -0.290229, -0.776102)","(0.814187, 0.558641, -0.158176)","(0.883661, 0.119455, 0.45263)","(-0.535582, -0.607, 0.587114)","(0.177252, -0.89354, 0.412515)","(0.544435, -0.780711, -0.306728)","(-0.17783, -0.782576, -0.596617)"
1.535027,"(-0.02616, 0.999615, -0.009263)","(0.812278, -0.113276, 0.572166)","(0.583657, -0.317793, -0.74723)","(0.821962, 0.538228, -0.186252)","(0.870484, 0.1342, 0.473549)","(-0.529761, -0.616379, 0.582606)","(0.185936, -0.892353, 0.411259)","(0.535289, -0.776023, -0.333548)","(-0.18945, -0.786092, -0.58836)"
1.571093,"(-0.052034, 0.99802, -0.035344)","(0.849109, -0.140119, 0.509294)","(0.619215, -0.390701, -0.681121)","(0.844384, 0.488188, -0.220656)","(0.846331, 0.131789, 0.516096)","(-0.497144, -0.653322, 0.570981)","(0.184419, -0.893376, 0.409719)","(0.492689, -0.768604, -0.408052)","(-0.194503, -0.804648, -0.560991)"
1.607421,"(-0.076924, 0.996507, -0.032502)","(0.878085, -0.195422, 0.436781)","(0.642108, -0.471351, -0.604588)","(0.876151, 0.42657, -0.224493)","(0.824266, 0.089425, 0.559096)","(-0.445791, -0.697152, 0.561471)","(0.162954, -0.900626, 0.402888)","(0.419884, -0.773429, -0.474874)","(-0.170861, -0.8336, -0.525278)"
1.64366,"(-0.101351, 0.994851, -0.000397)","(0.887182, -0.263175, 0.379009)","(0.654422, -0.551449, -0.517336)","(0.914806, 0.352437, -0.197277)","(0.800695, 0.012225, 0.598947)","(-0.37796, -0.745771, 0.548609)","(0.127506, -0.912863, 0.387844)","(0.313386, -0.788668, -0.528955)","(-0.127376, -0.868927, -0.47827)"
1.679698,"(-0.12405, 0.991049, 0.049332)","(0.865932, -0.338355, 0.368346)","(0.661045, -0.614874, -0.430058)","(0.950266, 0.276449, -0.143429)","(0.768049, -0.084136, 0.63484)","(-0.306002, -0.79223, 0.527953)","(0.092418, -0.926295, 0.365291)","(0.193112, -0.808442, -0.555995)","(-0.080623, -0.901611, -0.424967)"
1.715607,"(-0.144398, 0.984806, 0.096469)","(0.817189, -0.410135, 0.404958)","(0.671054, -0.654065, -0.349122)","(0.975377, 0.209407, -0.069204)","(0.720116, -0.178085, 0.670611)","(-0.24402, -0.832055, 0.498135)","(0.067504, -0.936195, 0.344937)","(0.074257, -0.824989, -0.560249)","(-0.040985, -0.92469, -0.378509)"
1.733725,"(-0.153977, 0.981104, 0.117155)","(0.782039, -0.444223, 0.437128)","(0.678988, -0.665357, -0.310285)","(0.983165, 0.180729, -0.026912)","(0.68957, -0.21935, 0.690203)","(-0.218835, -0.85039, 0.478486)","(0.059713, -0.938778, 0.339308)","(0.016035, -0.830086, -0.557404)","(-0.023925, -0.931851, -0.362052)"
1.769809,"(-0.171332, 0.973508, 0.151418)","(0.688556, -0.510911, 0.514646)","(0.699218, -0.67415, -0.237941)","(0.988352, 0.141425, 0.056212)","(0.621452, -0.278274, 0.732366)","(-0.178955, -0.87928, 0.441408)","(0.051213, -0.93784, 0.343268)","(-0.074604, -0.832357, -0.549195)","(0.003349, -0.93788, -0.346943)"
1.806006,"(-0.186563, 0.966149, 0.178188)","(0.556662, -0.583664, 0.591155)","(0.722175, -0.670164, -0.171303)","(0.983044, 0.135441, 0.123615)","(0.54852, -0.295995, 0.781993)","(-0.138731, -0.892994, 0.428153)","(0.041902, -0.927341, 0.371864)","(-0.129875, -0.825855, -0.548722)","(0.0296, -0.934135, -0.355689)"
1.84231,"(-0.199242, 0.959626, 0.198548)","(0.38624, -0.662654, 0.641645)","(0.744569, -0.658052, -0.112184)","(0.971879, 0.16722, 0.165799)","(0.476933, -0.265982, 0.837728)","(-0.092331, -0.897097, 0.432078)","(0.023978, -0.908689, 0.416785)","(-0.175089, -0.809646, -0.560194)","(0.065323, -0.919508, -0.387605)"
1.878331,"(-0.209567, 0.954042, 0.214211)","(0.181531, -0.744042, 0.642999)","(0.765451, -0.641037, -0.056178)","(0.953015, 0.227289, 0.200254)","(0.40466, -0.192392, 0.894)","(-0.041975, -0.894431, 0.445231)","(-0.001111, -0.88377, 0.46792)","(-0.21846, -0.786348, -0.577868)","(0.113961, -0.895103, -0.431049)"
1.914261,"(-0.21737, 0.949592, 0.225887)","(-0.033861, -0.816029, 0.577018)","(0.77466, -0.632276, 0.011402)","(0.917159, 0.289478, 0.273901)","(0.32067, -0.076508, 0.944096)","(0.006017, -0.888569, 0.458704)","(-0.028176, -0.859202, 0.51086)","(-0.257069, -0.762877, -0.593241)","(0.165606, -0.865863, -0.472077)"
1.950394,"(-0.222798, 0.946244, 0.234483)","(-0.238681, -0.877522, 0.415916)","(0.759202, -0.644189, 0.092912)","(0.848797, 0.332622, 0.410982)","(0.231382, 0.075469, 0.969931)","(0.046868, -0.883027, 0.466976)","(-0.04726, -0.839856, 0.540748)","(-0.284892, -0.746765, -0.600981)","(0.209764, -0.838209, -0.503394)"
1.968633,"(-0.22467, 0.944958, 0.237861)","(-0.330629, -0.896252, 0.295664)","(0.737324, -0.663379, 0.1276)","(0.794631, 0.331669, 0.508486)","(0.188748, 0.166079, 0.96788)","(0.063972, -0.881312, 0.468184)","(-0.051235, -0.833146, 0.550674)","(-0.292743, -0.743258, -0.601556)","(0.227753, -0.82676, -0.514389)"
2.004746,"(-0.226478, 0.943266, 0.242812)","(-0.465335, -0.885096, 0.008294)","(0.660952, -0.718206, 0.217537)","(0.629032, 0.247147, 0.737047)","(0.11419, 0.35007, 0.929737)","(0.093491, -0.878594, 0.468328)","(-0.043647, -0.826611, 0.561078)","(-0.288406, -0.744684, -0.601887)","(0.258526, -0.81035, -0.52583)"
2.040509,"(-0.226156, 0.942589, 0.245722)","(-0.510288, -0.815863, -0.271982)","(0.55204, -0.767245, 0.326477)","(0.384122, 0.076815, 0.920081)","(0.054978, 0.498145, 0.865349)","(0.115884, -0.878452, 0.463566)","(-0.023599, -0.82647, 0.562486)","(-0.265623, -0.756276, -0.597905)","(0.282057, -0.801807, -0.52683)"
2.076947,"(-0.223485, 0.942907, 0.246943)","(-0.473825, -0.735303, -0.484581)","(0.432952, -0.795194, 0.424522)","(0.096231, -0.133568, 0.986357)","(-0.019874, 0.581006, 0.813657)","(0.126633, -0.885573, 0.446905)","(-0.009274, -0.825254, 0.564685)","(-0.228665, -0.780662, -0.581618)","(0.282364, -0.797159, -0.533674)"
2.112843,"(-0.21843, 0.94419, 0.246564)","(-0.413012, -0.676489, -0.60974)","(0.329429, -0.80441, 0.494369)","(-0.159813, -0.34279, 0.925719)","(-0.131769, 0.598185, 0.79045)","(0.1237, -0.90071, 0.416438)","(0.000554, -0.826264, 0.563283)","(-0.181077, -0.814103, -0.551768)","(0.260709, -0.800839, -0.539154)"
2.148826,"(-0.210994, 0.946419, 0.244484)","(-0.362341, -0.638413, -0.679071)","(0.236805, -0.799172, 0.552492)","(-0.358375, -0.505247, 0.785044)","(-0.27002, 0.579162, 0.769195)","(0.111033, -0.921179, 0.372962)","(0.011506, -0.828965, 0.559183)","(-0.125286, -0.85169, -0.50885)","(0.227927, -0.812886, -0.535972)"
2.166746,"(-0.206385, 0.947886, 0.242729)","(-0.3422, -0.619343, -0.706621)","(0.190336, -0.790017, 0.582791)","(-0.438015, -0.555533, 0.706772)","(-0.341209, 0.566709, 0.749945)","(0.103574, -0.931804, 0.34787)","(0.017357, -0.829616, 0.558065)","(-0.096838, -0.869775, -0.483853)","(0.204538, -0.820212, -0.534244)"
2.202735,"(-0.195433, 0.951497, 0.237611)","(-0.308032, -0.570379, -0.761436)","(0.092878, -0.756857, 0.646947)","(-0.571917, -0.595104, 0.56459)","(-0.477747, 0.545585, 0.688546)","(0.089009, -0.951153, 0.29561)","(0.031311, -0.825804, 0.563088)","(-0.042332, -0.900638, -0.432504)","(0.146268, -0.835301, -0.529979)"
2.239158,"(-0.181968, 0.956051, 0.2299)","(-0.275525, -0.500588, -0.820669)","(-0.017842, -0.703794, 0.71018)","(-0.689956, -0.561445, 0.456881)","(-0.595237, 0.536319, 0.598376)","(0.079289, -0.964686, 0.251186)","(0.05223, -0.811326, 0.582256)","(0.005871, -0.920811, -0.389964)","(0.075555, -0.848101, -0.52442)"
2.275423,"(-0.166119, 0.961456, 0.219103)","(-0.250481, -0.42248, -0.871074)","(-0.138976, -0.630326, 0.76379)","(-0.792978, -0.473002, 0.384)","(-0.686106, 0.53922, 0.488364)","(0.070177, -0.970666, 0.229963)","(0.085408, -0.791593, 0.605051)","(0.037693, -0.926866, -0.373497)","(0.002378, -0.853215, -0.521554)"
2.311628,"(-0.14806, 0.967586, 0.204586)","(-0.248502, -0.353296, -0.901903)","(-0.270662, -0.544223, 0.794081)","(-0.869083, -0.358013, 0.341352)","(-0.748357, 0.549071, 0.372133)","(0.046889, -0.96928, 0.241451)","(0.139299, -0.767802, 0.62536)","(0.059842, -0.918066, -0.391886)","(-0.080611, -0.849712, -0.521049)"
2.347885,"(-0.128008, 0.974269, 0.185513)","(-0.278694, -0.299953, -0.912337)","(-0.406222, -0.445994, 0.797542)","(-0.912255, -0.243862, 0.329123)","(-0.787194, 0.561419, 0.255214)","(0.002089, -0.961972, 0.27314)","(0.218779, -0.735691, 0.641011)","(0.09962, -0.894894, -0.435018)","(-0.186811, -0.837796, -0.513029)"
2.38373,"(-0.106149, 0.981282, 0.160677)","(-0.333315, -0.262663, -0.905489)","(-0.539953, -0.337928, 0.77088)","(-0.927455, -0.14637, 0.344097)","(-0.808782, 0.569901, 0.145206)","(-0.071051, -0.951614, 0.29897)","(0.315538, -0.699697, 0.640984)","(0.169671, -0.860216, -0.480874)","(-0.310028, -0.817822, -0.48482)"
2.401635,"(-0.094784, 0.984753, 0.145869)","(-0.363238, -0.247691, -0.898169)","(-0.600825, -0.282045, 0.74797)","(-0.928981, -0.099374, 0.356537)","(-0.8159, 0.569302, 0.101007)","(-0.116391, -0.946181, 0.301985)","(0.363038, -0.682858, 0.633962)","(0.214033, -0.841179, -0.496596)","(-0.36861, -0.80575, -0.463566)"
2.437478,"(-0.070782, 0.991456, 0.109563)","(-0.424781, -0.230305, -0.875512)","(-0.706186, -0.175612, 0.685903)","(-0.922257, -0.009622, 0.386457)","(-0.829569, 0.557516, 0.031499)","(-0.210515, -0.935232, 0.284649)","(0.446589, -0.652291, 0.612434)","(0.305852, -0.805549, -0.507489)","(-0.468727, -0.782558, -0.409754)"
2.483275,"(-0.045776, 0.99692, 0.063677)","(-0.484058, -0.237156, -0.842286)","(-0.783952, -0.096843, 0.613222)","(-0.904478, 0.06756, 0.421135)","(-0.846826, 0.53153, -0.019029)","(-0.284988, -0.925328, 0.2501)","(0.50259, -0.629033, 0.593061)","(0.374698, -0.781295, -0.49918)","(-0.536684, -0.766925, -0.351848)"
2.501127,"(-0.025905, 0.9994, 0.023)","(-0.52337, -0.265008, -0.809848)","(-0.827071, -0.062767, 0.558582)","(-0.885657, 0.110605, 0.450975)","(-0.861321, 0.50533, -0.052607)","(-0.32114, -0.919347, 0.22731)","(0.526088, -0.616203, 0.58611)","(0.400465, -0.772677, -0.492543)","(-0.571031, -0.762655, -0.303779)"
2.537452,"(0.000224, 0.999695, -0.024686)","(-0.564118, -0.324675, -0.759182)","(-0.865571, -0.057255, 0.497502)","(-0.85694, 0.141937, 0.495487)","(-0.879169, 0.466667, -0.096356)","(-0.33337, -0.916479, 0.221205)","(0.525106, -0.626205, 0.576308)","(0.408043, -0.7762, -0.480639)","(-0.572481, -0.75558, -0.318378)"
2.573282,"(0.025843, 0.998521, -0.047844)","(-0.588967, -0.403815, -0.700037)","(-0.887961, -0.093371, 0.450341)","(-0.827351, 0.136923, 0.544741)","(-0.892319, 0.428654, -0.141503)","(-0.310794, -0.920184, 0.238051)","(0.494946, -0.659043, 0.566296)","(0.385911, -0.794139, -0.469485)","(-0.526588, -0.753733, -0.393181)"
2.608826,"(0.050876, 0.997823, -0.041967)","(-0.598032, -0.493405, -0.631593)","(-0.898127, -0.168811, 0.406043)","(-0.796891, 0.090185, 0.597354)","(-0.899371, 0.394801, -0.187788)","(-0.260203, -0.92917, 0.262558)","(0.440872, -0.698646, 0.563494)","(0.328559, -0.82355, -0.462401)","(-0.444539, -0.765231, -0.465624)"
2.644826,"(0.074833, 0.997177, -0.0062)","(-0.59488, -0.578987, -0.557577)","(-0.883487, -0.273194, 0.380546)","(-0.760499, 0.008676, 0.649281)","(-0.904343, 0.367667, -0.216762)","(-0.190656, -0.941001, 0.279586)","(0.366317, -0.743291, 0.55976)","(0.247695, -0.859815, -0.446503)","(-0.325984, -0.784833, -0.52704)"
2.68399,"(0.098116, 0.993964, 0.049085)","(-0.586637, -0.650299, -0.482668)","(-0.822961, -0.397751, 0.405623)","(-0.704438, -0.09745, 0.703044)","(-0.915818, 0.343332, -0.20833)","(-0.120593, -0.952893, 0.278303)","(0.282161, -0.791504, 0.542131)","(0.162595, -0.896175, -0.412836)","(-0.176534, -0.805466, -0.565739)"
2.708296,"(0.109783, 0.990883, 0.078091)","(-0.58474, -0.6784, -0.444807)","(-0.769641, -0.463344, 0.439278)","(-0.662301, -0.15515, 0.732998)","(-0.925179, 0.33028, -0.186974)","(-0.091023, -0.957822, 0.272564)","(0.241333, -0.816005, 0.525257)","(0.123965, -0.911948, -0.391132)","(-0.098366, -0.814337, -0.571996)"
2.744396,"(0.132413, 0.982549, 0.130634)","(-0.592891, -0.71504, -0.370404)","(-0.609338, -0.582957, 0.537464)","(-0.541901, -0.259917, 0.799241)","(-0.9489, 0.295522, -0.110708)","(-0.051898, -0.962471, 0.266377)","(0.177419, -0.858554, 0.481048)","(0.062857, -0.93301, -0.354319)","(0.049705, -0.828827, -0.557292)"
2.78023,"(0.149246, 0.974976, 0.164764)","(-0.610028, -0.729319, -0.309773)","(-0.429174, -0.658718, 0.617981)","(-0.41358, -0.308803, 0.8565)","(-0.965867, 0.258177, -0.021096)","(-0.036591, -0.958566, 0.282511)","(0.144517, -0.880189, 0.452086)","(0.032123, -0.936651, -0.348789)","(0.136757, -0.832073, -0.537543)"
2.816124,"(0.163727, 0.967817, 0.191112)","(-0.627318, -0.7379, -0.248949)","(-0.221797, -0.713437, 0.66469)","(-0.275392, -0.303072, 0.912308)","(-0.972017, 0.221147, 0.079232)","(-0.020912, -0.946431, 0.322227)","(0.111702, -0.887196, 0.447668)","(0.005122, -0.92795, -0.37267)","(0.195699, -0.825012, -0.530149)"
2.834143,"(0.170008, 0.964553, 0.201827)","(-0.634014, -0.741847, -0.218381)","(-0.115534, -0.736436, 0.666569)","(-0.206223, -0.277484, 0.938336)","(-0.969873, 0.206952, 0.128522)","(-0.011458, -0.937541, 0.347686)","(0.09347, -0.88755, 0.45113)","(-0.011616, -0.919115, -0.393819)","(0.218832, -0.817809, -0.532261)"
2.870057,"(0.180883, 0.958681, 0.219571)","(-0.64073, -0.752648, -0.15161)","(0.10481, -0.765544, 0.63479)","(-0.068422, -0.181208, 0.981062)","(-0.955447, 0.183947, 0.230835)","(0.010016, -0.914614, 0.404205)","(0.053217, -0.883234, 0.465904)","(-0.057731, -0.894241, -0.443848)","(0.259468, -0.797901, -0.544087)"
2.906126,"(0.189405, 0.953814, 0.233162)","(-0.635238, -0.770187, -0.057313)","(0.30009, -0.788109, 0.537429)","(0.067525, -0.030163, 0.997262)","(-0.919169, 0.169652, 0.355453)","(0.031156, -0.888186, 0.458426)","(0.010443, -0.874265, 0.485337)","(-0.116999, -0.864142, -0.489459)","(0.29442, -0.775675, -0.558251)"
2.942153,"(0.195374, 0.95013, 0.243067)","(-0.60687, -0.791765, 0.069412)","(0.442733, -0.810906, 0.382647)","(0.186208, 0.148837, 0.971172)","(-0.8468, 0.162812, 0.506381)","(0.04552, -0.865907, 0.498129)","(-0.029335, -0.865527, 0.500003)","(-0.175929, -0.835298, -0.52089)","(0.319224, -0.759184, -0.567218)"
2.977808,"(0.199037, 0.947504, 0.25024)","(-0.544445, -0.816336, 0.192807)","(0.507541, -0.845701, 0.164901)","(0.276976, 0.336223, 0.900133)","(-0.71969, 0.153171, 0.677189)","(0.047042, -0.851555, 0.522151)","(-0.065068, -0.859593, 0.506819)","(-0.227552, -0.811992, -0.537484)","(0.32968, -0.753729, -0.56851)"
3.013662,"(0.200357, 0.945955, 0.255002)","(-0.446943, -0.833746, 0.324207)","(0.500468, -0.8634, -0.063813)","(0.332255, 0.49661, 0.801864)","(-0.544076, 0.110708, 0.8317)","(0.032887, -0.847204, 0.530249)","(-0.098998, -0.8554, 0.508419)","(-0.267113, -0.796197, -0.542882)","(0.317704, -0.758149, -0.569451)"
3.049478,"(0.199384, 0.94542, 0.257736)","(-0.331899, -0.830114, 0.448055)","(0.453774, -0.844255, -0.28517)","(0.373017, 0.598877, 0.708664)","(-0.341774, 0.006817, 0.939758)","(0.007398, -0.84924, 0.527956)","(-0.127118, -0.8564, 0.50042)","(-0.285819, -0.789599, -0.542992)","(0.292008, -0.773741, -0.562189)"
3.068645,"(0.198024, 0.945514, 0.258437)","(-0.27712, -0.821186, 0.498857)","(0.427301, -0.817251, -0.386671)","(0.398389, 0.623787, 0.672441)","(-0.234967, -0.07245, 0.969299)","(-0.005034, -0.850006, 0.526748)","(-0.137711, -0.85998, 0.491396)","(-0.27624, -0.789442, -0.548155)","(0.276189, -0.78588, -0.553274)"
3.107242,"(0.193428, 0.946421, 0.258597)","(-0.172371, -0.798443, 0.576869)","(0.372761, -0.742238, -0.556895)","(0.460847, 0.632843, 0.622197)","(-0.014564, -0.268016, 0.963304)","(-0.0342, -0.853035, 0.520732)","(-0.149779, -0.873739, 0.46276)","(-0.228582, -0.797587, -0.558217)","(0.241177, -0.817179, -0.523501)"
3.145032,"(0.185455, 0.948513, 0.256768)","(-0.070486, -0.770607, 0.633401)","(0.320195, -0.660343, -0.679281)","(0.544507, 0.599598, 0.586511)","(0.220245, -0.469019, 0.855286)","(-0.074694, -0.859109, 0.506313)","(-0.149481, -0.89642, 0.417236)","(-0.151241, -0.8179, -0.555127)","(0.197113, -0.85726, -0.47566)"
3.181808,"(0.175703, 0.951362, 0.25306)","(0.017155, -0.73746, 0.675173)","(0.284068, -0.597791, -0.749634)","(0.617522, 0.565848, 0.546336)","(0.41237, -0.569328, 0.711208)","(-0.113219, -0.863047, 0.492271)","(-0.142188, -0.918167, 0.369801)","(-0.074821, -0.838452, -0.539816)","(0.15427, -0.891222, -0.426526)"
3.203181,"(0.169689, 0.953194, 0.250253)","(0.062304, -0.715586, 0.695741)","(0.27008, -0.565675, -0.779146)","(0.651728, 0.553482, 0.518565)","(0.502283, -0.586834, 0.635089)","(-0.131652, -0.862239, 0.489092)","(-0.137436, -0.927807, 0.346822)","(-0.033059, -0.848063, -0.528864)","(0.132343, -0.905784, -0.402542)"
3.240292,"(0.154118, 0.958059, 0.241601)","(0.165623, -0.658128, 0.734464)","(0.250347, -0.491215, -0.834287)","(0.713503, 0.542591, 0.443293)","(0.675355, -0.553921, 0.486895)","(-0.166367, -0.854545, 0.492012)","(-0.128721, -0.942988, 0.306928)","(0.068417, -0.861044, -0.503908)","(0.088482, -0.927572, -0.363017)"
3.275549,"(0.138641, 0.962973, 0.23122)","(0.250587, -0.593954, 0.764477)","(0.248313, -0.427632, -0.869179)","(0.751352, 0.549148, 0.365932)","(0.78794, -0.472189, 0.395206)","(-0.195892, -0.840578, 0.505031)","(-0.12348, -0.947363, 0.295391)","(0.143061, -0.859085, -0.491433)","(0.06572, -0.933095, -0.353574)"
3.312562,"(0.120183, 0.968839, 0.216583)","(0.344642, -0.517686, 0.783085)","(0.264828, -0.366334, -0.892001)","(0.775689, 0.564666, 0.281887)","(0.868354, -0.364082, 0.336759)","(-0.241473, -0.813417, 0.529192)","(-0.112879, -0.943758, 0.310772)","(0.212016, -0.848883, -0.484197)","(0.053267, -0.926119, -0.373453)"
3.347093,"(0.101067, 0.974842, 0.198669)","(0.434431, -0.434893, 0.788757)","(0.296564, -0.317298, -0.900762)","(0.787685, 0.580994, 0.204936)","(0.910602, -0.262541, 0.31918)","(-0.297215, -0.778703, 0.552526)","(-0.092248, -0.93419, 0.344645)","(0.285237, -0.833221, -0.47369)","(0.037571, -0.907282, -0.418842)"
3.383401,"(0.079326, 0.981475, 0.174399)","(0.527836, -0.337858, 0.779257)","(0.344891, -0.277899, -0.896562)","(0.793946, 0.594049, 0.129445)","(0.928385, -0.165794, 0.332587)","(-0.364364, -0.736159, 0.570359)","(-0.050064, -0.920785, 0.386844)","(0.366453, -0.8126, -0.453204)","(0.005916, -0.877064, -0.480338)"
3.401191,"(0.067595, 0.98491, 0.159324)","(0.573107, -0.288065, 0.767181)","(0.373514, -0.261298, -0.890062)","(0.795605, 0.599121, 0.089817)","(0.93134, -0.116409, 0.345042)","(-0.399122, -0.713606, 0.575732)","(-0.0191, -0.913889, 0.405516)","(0.406241, -0.801999, -0.437912)","(-0.020057, -0.859219, -0.511215)"
3.437438,"(0.043441, 0.991434, 0.123171)","(0.654296, -0.200007, 0.72931)","(0.433956, -0.240937, -0.86812)","(0.797753, 0.602913, 0.00928)","(0.926871, -0.023196, 0.374663)","(-0.461404, -0.6711, 0.580285)","(0.053242, -0.902693, 0.426978)","(0.473628, -0.784856, -0.399598)","(-0.083564, -0.824344, -0.559888)"
3.473204,"(0.018281, 0.996843, 0.077261)","(0.722536, -0.13884, 0.677248)","(0.493622, -0.246993, -0.833866)","(0.802574, 0.592207, -0.071869)","(0.911713, 0.0546, 0.407183)","(-0.507361, -0.635785, 0.581689)","(0.122732, -0.895879, 0.427011)","(0.519021, -0.776529, -0.357238)","(-0.142825, -0.797405, -0.586299)"
3.509283,"(-0.007655, 0.999684, 0.023933)","(0.778913, -0.111567, 0.617128)","(0.549615, -0.279876, -0.787142)","(0.811539, 0.56598, -0.145157)","(0.888727, 0.111686, 0.444624)","(-0.534109, -0.608593, 0.586807)","(0.171029, -0.893743, 0.414696)","(0.543491, -0.780392, -0.309202)","(-0.173841, -0.783172, -0.59701)"
3.545266,"(-0.033349, 0.999248, -0.019805)","(0.823886, -0.118432, 0.554243)","(0.594868, -0.336337, -0.730075)","(0.827115, 0.525558, -0.199173)","(0.863543, 0.13769, 0.485114)","(-0.522404, -0.626395, 0.578552)","(0.187581, -0.891853, 0.411596)","(0.525369, -0.772289, -0.357151)","(-0.194442, -0.790155, -0.581246)"
3.580949,"(-0.058902, 0.99757, -0.03722)","(0.858074, -0.153723, 0.489977)","(0.626428, -0.412607, -0.661319)","(0.852089, 0.472504, -0.225133)","(0.840203, 0.1242, 0.527857)","(-0.485, -0.664567, 0.568441)","(0.180439, -0.894792, 0.408398)","(0.476653, -0.768766, -0.42638)","(-0.190611, -0.811569, -0.552289)"
3.616809,"(-0.083704, 0.996129, -0.026857)","(0.882966, -0.212877, 0.418396)","(0.646571, -0.493731, -0.581528)","(0.886316, 0.407433, -0.220098)","(0.818004, 0.071397, 0.570764)","(-0.42854, -0.710259, 0.558467)","(0.154328, -0.903514, 0.399807)","(0.393712, -0.776583, -0.491844)","(-0.160536, -0.842901, -0.513563)"
3.64524,"(-0.095625, 0.995361, -0.010596)","(0.887205, -0.245936, 0.390361)","(0.652446, -0.532964, -0.538762)","(0.905377, 0.371104, -0.206336)","(0.806786, 0.033375, 0.589901)","(-0.395207, -0.733992, 0.552329)","(0.136715, -0.909571, 0.392415)","(0.341243, -0.784282, -0.518127)","(-0.138942, -0.86027, -0.490541)"
3.673148,"(-0.11387, 0.993177, 0.025152)","(0.879573, -0.303174, 0.366656)","(0.65831, -0.58826, -0.469657)","(0.934833, 0.310942, -0.171473)","(0.784576, -0.038326, 0.618847)","(-0.338852, -0.771368, 0.538676)","(0.107927, -0.92016, 0.376374)","(0.249149, -0.799131, -0.547096)","(-0.101831, -0.88727, -0.44987)"
3.712027,"(-0.142394, 0.98553, 0.091944)","(0.823433, -0.402953, 0.399482)","(0.669742, -0.651053, -0.357178)","(0.973386, 0.215681, -0.077464)","(0.725805, -0.169068, 0.666801)","(-0.249739, -0.828201, 0.501711)","(0.069525, -0.935434, 0.346598)","(0.086169, -0.823642, -0.560525)","(-0.044687, -0.922831, -0.382604)"
3.748338,"(-0.161316, 0.978015, 0.132151)","(0.74788, -0.471191, 0.467605)","(0.686683, -0.67084, -0.280071)","(0.986879, 0.161267, 0.007946)","(0.662864, -0.247716, 0.706575)","(-0.201446, -0.863814, 0.461784)","(0.055303, -0.939443, 0.338214)","(-0.027012, -0.832252, -0.553739)","(-0.011593, -0.93553, -0.353058)"
3.784062,"(-0.17772, 0.970489, 0.162992)","(0.640593, -0.539082, 0.546837)","(0.708366, -0.673766, -0.210372)","(0.9872, 0.134154, 0.086254)","(0.592374, -0.291113, 0.75123)","(-0.164235, -0.886736, 0.432119)","(0.048579, -0.93479, 0.351864)","(-0.099904, -0.830794, -0.54754)","(0.0131, -0.937537, -0.347639)"
3.802074,"(-0.185004, 0.966924, 0.175589)","(0.573181, -0.575325, 0.583494)","(0.71961, -0.671097, -0.178296)","(0.983978, 0.134205, 0.117374)","(0.556607, -0.296323, 0.776132)","(-0.143666, -0.892213, 0.428155)","(0.043328, -0.928953, 0.367654)","(-0.124914, -0.826985, -0.548172)","(0.0264, -0.935028, -0.353589)"
3.837977,"(-0.197989, 0.960284, 0.196609)","(0.406458, -0.653963, 0.638063)","(0.742192, -0.659665, -0.118293)","(0.973353, 0.162127, 0.162169)","(0.484659, -0.27147, 0.831511)","(-0.097565, -0.896934, 0.431266)","(0.026357, -0.911027, 0.411504)","(-0.170243, -0.81186, -0.558481)","(0.060833, -0.92163, -0.383272)"
3.988452,"(-0.203465, 0.95737, 0.205048)","(0.311732, -0.694012, 0.648977)","(0.752697, -0.652112, -0.09054)","(0.965911, 0.187056, 0.178956)","(0.449542, -0.242888, 0.859603)","(-0.073514, -0.89663, 0.436636)","(0.015109, -0.899538, 0.436582)","(-0.191944, -0.801516, -0.56633)","(0.082403, -0.911378, -0.403238)"
4.321785,"(-0.226504, 0.943218, 0.242972)","(-0.469306, -0.883024, -0.004427)","(0.656714, -0.720703, 0.222068)","(0.620064, 0.241187, 0.746559)","(0.111601, 0.357502, 0.927221)","(0.094638, -0.878486, 0.468301)","(-0.042908, -0.826512, 0.561282)","(-0.287659, -0.744953, -0.601911)","(0.259723, -0.80985, -0.526011)"
4.378876,"(-0.132612, 0.972749, 0.190192)","(-0.269591, -0.310383, -0.911583)","(-0.376023, -0.468717, 0.799319)","(-0.905341, -0.268095, 0.329368)","(-0.780477, 0.558614, 0.280724)","(0.014246, -0.963959, 0.265668)","(0.199235, -0.743368, 0.638521)","(0.088438, -0.901139, -0.424414)","(-0.161407, -0.841147, -0.516158)"
4.394277,"(-0.097936, 0.983811, 0.150082)","(-0.35487, -0.251531, -0.900444)","(-0.584585, -0.297428, 0.754849)","(-0.928944, -0.112143, 0.352827)","(-0.814095, 0.569757, 0.112369)","(-0.103434, -0.947699, 0.301939)","(0.350149, -0.687389, 0.636312)","(0.201305, -0.846477, -0.492903)","(-0.352816, -0.809188, -0.469825)"
4.410663,"(-0.087865, 0.98678, 0.136179)","(-0.381397, -0.24042, -0.8926)","(-0.63457, -0.249143, 0.731607)","(-0.928211, -0.07216, 0.36499)","(-0.819701, 0.567459, 0.077976)","(-0.144798, -0.942896, 0.299968)","(0.390027, -0.673346, 0.62808)","(0.241947, -0.829915, -0.502696)","(-0.401403, -0.79834, -0.448921)"
4.425375,"(-0.076936, 0.989847, 0.119515)","(-0.409224, -0.232753, -0.882249)","(-0.682185, -0.200853, 0.703052)","(-0.925043, -0.031447, 0.378559)","(-0.825911, 0.56188, 0.046502)","(-0.187486, -0.937968, 0.291659)","(0.427762, -0.659524, 0.6181)","(0.283578, -0.813826, -0.50722)","(-0.446494, -0.787881, -0.424131)"
4.438788,"(-0.066856, 0.992436, 0.102961)","(-0.434349, -0.229778, -0.870944)","(-0.720457, -0.160486, 0.674675)","(-0.920168, 0.003495, 0.391509)","(-0.831904, 0.554457, 0.022655)","(-0.224418, -0.933526, 0.279581)","(0.457611, -0.647959, 0.608885)","(0.319183, -0.800706, -0.506944)","(-0.481761, -0.779425, -0.400503)"
4.45204,"(-0.057564, 0.994596, 0.086397)","(-0.457748, -0.228939, -0.859101)","(-0.750886, -0.129321, 0.647647)","(-0.913701, 0.034814, 0.404893)","(-0.838498, 0.544899, 0.002575)","(-0.253798, -0.929714, 0.266867)","(0.480347, -0.638766, 0.601037)","(0.346771, -0.790869, -0.504258)","(-0.509043, -0.772996, -0.37862)"
4.466455,"(-0.048233, 0.996484, 0.068511)","(-0.478986, -0.23449, -0.845924)","(-0.777549, -0.102925, 0.620342)","(-0.906428, 0.061545, 0.417853)","(-0.845087, 0.534425, -0.014764)","(-0.279074, -0.926196, 0.253532)","(0.498518, -0.630877, 0.594536)","(0.369563, -0.783014, -0.500312)","(-0.531495, -0.768011, -0.357312)"
4.481659,"(-0.03796, 0.998117, 0.048189)","(-0.499806, -0.24676, -0.830243)","(-0.802644, -0.080241, 0.591037)","(-0.897764, 0.085478, 0.432104)","(-0.852377, 0.521924, -0.032395)","(-0.301513, -0.92276, 0.240008)","(0.513679, -0.623875, 0.588994)","(0.38834, -0.776853, -0.495673)","(-0.55143, -0.764042, -0.334911)"
4.497694,"(-0.027068, 0.999309, 0.025468)","(-0.521197, -0.262951, -0.811918)","(-0.82492, -0.064041, 0.56161)","(-0.886878, 0.108414, 0.449103)","(-0.860445, 0.507015, -0.050695)","(-0.319551, -0.919642, 0.228354)","(0.525187, -0.616833, 0.586256)","(0.399697, -0.772941, -0.492752)","(-0.569373, -0.762707, -0.306746)"
4.515429,"(-0.015479, 0.999878, 0.002072)","(-0.541429, -0.285896, -0.790644)","(-0.844559, -0.05528, 0.532602)","(-0.874577, 0.127007, 0.467957)","(-0.868898, 0.49006, -0.069691)","(-0.331629, -0.917272, 0.220533)","(0.530682, -0.613964, 0.584315)","(0.405186, -0.771841, -0.489985)","(-0.58093, -0.761436, -0.287639)"
4.533195,"(-0.002666, 0.999794, -0.020146)","(-0.560438, -0.316685, -0.765258)","(-0.862135, -0.05569, 0.50361)","(-0.860231, 0.140156, 0.490264)","(-0.877357, 0.471061, -0.091357)","(-0.334161, -0.916437, 0.220182)","(0.527195, -0.622775, 0.578115)","(0.408113, -0.774931, -0.482624)","(-0.57586, -0.756836, -0.309168)"
4.550948,"(0.010128, 0.999248, -0.037424)","(-0.575547, -0.353335, -0.737496)","(-0.876111, -0.066768, 0.477463)","(-0.845704, 0.14454, 0.513705)","(-0.884936, 0.451622, -0.11369)","(-0.327947, -0.917191, 0.226299)","(0.515713, -0.638835, 0.570902)","(0.404297, -0.78171, -0.474841)","(-0.557788, -0.752607, -0.349936)"
4.568745,"(0.022813, 0.99865, -0.046674)","(-0.587069, -0.393269, -0.707594)","(-0.885944, -0.086764, 0.455605)","(-0.830863, 0.139801, 0.53863)","(-0.891032, 0.433108, -0.13594)","(-0.314987, -0.919434, 0.235426)","(0.499682, -0.654862, 0.566987)","(0.390545, -0.791357, -0.470349)","(-0.533667, -0.753139, -0.384684)"
4.586854,"(0.035372, 0.998176, -0.048921)","(-0.594041, -0.437178, -0.675271)","(-0.893402, -0.118112, 0.433454)","(-0.816297, 0.124233, 0.564115)","(-0.895881, 0.414813, -0.159143)","(-0.295091, -0.922994, 0.246991)","(0.477674, -0.672897, 0.564834)","(0.368286, -0.803885, -0.467049)","(-0.500503, -0.756832, -0.42036)"
4.604713,"(0.047956, 0.997873, -0.044152)","(-0.597702, -0.482689, -0.640127)","(-0.897719, -0.15791, 0.411298)","(-0.800753, 0.097779, 0.590961)","(-0.898848, 0.398468, -0.182471)","(-0.267522, -0.927889, 0.259719)","(0.448564, -0.693538, 0.563733)","(0.336957, -0.819541, -0.463479)","(-0.456332, -0.763371, -0.457194)"
4.622752,"(0.060127, 0.997676, -0.032057)","(-0.598276, -0.526692, -0.603872)","(-0.896148, -0.205501, 0.393305)","(-0.784097, 0.063195, 0.617412)","(-0.901194, 0.383574, -0.201793)","(-0.235622, -0.933377, 0.270721)","(0.414699, -0.715088, 0.562738)","(0.300123, -0.836708, -0.45809)","(-0.40364, -0.771945, -0.491097)"
4.640594,"(0.072129, 0.997328, -0.011606)","(-0.595723, -0.569649, -0.566228)","(-0.886954, -0.260031, 0.381701)","(-0.76538, 0.01954, 0.643282)","(-0.903641, 0.370465, -0.214917)","(-0.199109, -0.93958, 0.278471)","(0.375639, -0.737959, 0.560636)","(0.257646, -0.855487, -0.449177)","(-0.341284, -0.782377, -0.520972)"
4.658644,"(0.08362, 0.996417, 0.012656)","(-0.592062, -0.607654, -0.529357)","(-0.867247, -0.317743, 0.383305)","(-0.742466, -0.028492, 0.669277)","(-0.907573, 0.358475, -0.218649)","(-0.163812, -0.945491, 0.281446)","(0.335388, -0.76088, 0.555496)","(0.215591, -0.873682, -0.436119)","(-0.27326, -0.792777, -0.544825)"
4.676275,"(0.094858, 0.994655, 0.040787)","(-0.587687, -0.64138, -0.493209)","(-0.834814, -0.379507, 0.398823)","(-0.714303, -0.081584, 0.695065)","(-0.913659, 0.346751, -0.212113)","(-0.129797, -0.951331, 0.279502)","(0.29403, -0.784572, 0.545887)","(0.174138, -0.89134, -0.418556)","(-0.198578, -0.802781, -0.562237)"
4.694443,"(0.105328, 0.992177, 0.067008)","(-0.585165, -0.668336, -0.459248)","(-0.792228, -0.438159, 0.424726)","(-0.679566, -0.132836, 0.721488)","(-0.9213, 0.335476, -0.196628)","(-0.101789, -0.956028, 0.275045)","(0.256629, -0.806683, 0.532358)","(0.138296, -0.906172, -0.399659)","(-0.128249, -0.811051, -0.570744)"
4.712406,"(0.11566, 0.988971, 0.092521)","(-0.584928, -0.690381, -0.425715)","(-0.735672, -0.496227, 0.461027)","(-0.636656, -0.184214, 0.748822)","(-0.930752, 0.322898, -0.171575)","(-0.078148, -0.959865, 0.269354)","(0.222157, -0.828006, 0.514833)","(0.106118, -0.918886, -0.379983)","(-0.059186, -0.818424, -0.571559)"
4.730195,"(0.125302, 0.98543, 0.115006)","(-0.588106, -0.706257, -0.394123)","(-0.66901, -0.547471, 0.502694)","(-0.585941, -0.229301, 0.777235)","(-0.940882, 0.308547, -0.139786)","(-0.061302, -0.961968, 0.266196)","(0.19454, -0.846274, 0.495958)","(0.079888, -0.92807, -0.363737)","(0.004328, -0.824735, -0.565502)"
4.74803,"(0.13435, 0.981725, 0.134785)","(-0.594407, -0.717169, -0.363797)","(-0.591562, -0.592366, 0.546952)","(-0.528949, -0.267354, 0.805441)","(-0.951045, 0.291747, -0.10197)","(-0.049638, -0.962424, 0.266977)","(0.173116, -0.861665, 0.477036)","(0.05862, -0.934033, -0.352344)","(0.061304, -0.829662, -0.55489)"
4.766029,"(0.14284, 0.977957, 0.152309)","(-0.60252, -0.724951, -0.333788)","(-0.504955, -0.63155, 0.588358)","(-0.46654, -0.294785, 0.833932)","(-0.960029, 0.273659, -0.058778)","(-0.041544, -0.961056, 0.273213)","(0.156171, -0.873446, 0.461198)","(0.042606, -0.936712, -0.347498)","(0.106745, -0.831885, -0.544585)"
4.783677,"(0.15085, 0.974206, 0.167832)","(-0.611882, -0.730397, -0.303514)","(-0.408793, -0.665393, 0.624612)","(-0.399649, -0.310892, 0.862338)","(-0.967076, 0.254247, -0.011091)","(-0.035185, -0.957713, 0.285565)","(0.1414, -0.881607, 0.450306)","(0.029393, -0.936314, -0.349931)","(0.143943, -0.831811, -0.53607)"
4.801823,"(0.158124, 0.970643, 0.181242)","(-0.620618, -0.734733, -0.273864)","(-0.30832, -0.693282, 0.651382)","(-0.332273, -0.312376, 0.889953)","(-0.971109, 0.235608, 0.0379)","(-0.02773, -0.952369, 0.303684)","(0.125633, -0.885821, 0.446697)","(0.01658, -0.932916, -0.359711)","(0.174214, -0.829056, -0.531334)"
4.819727,"(0.165013, 0.967153, 0.193353)","(-0.628713, -0.73873, -0.242893)","(-0.200953, -0.718255, 0.66613)","(-0.26179, -0.299298, 0.917544)","(-0.971864, 0.218075, 0.089018)","(-0.019183, -0.944836, 0.326982)","(0.108279, -0.887435, 0.448035)","(0.002046, -0.926476, -0.376348)","(0.200572, -0.823789, -0.530229)"
4.837678,"(0.171205, 0.963924, 0.203815)","(-0.635199, -0.742651, -0.212114)","(-0.094023, -0.740749, 0.66517)","(-0.192207, -0.270455, 0.943351)","(-0.96903, 0.204476, 0.138457)","(-0.009386, -0.935523, 0.353141)","(0.089569, -0.887388, 0.452239)","(-0.015403, -0.916975, -0.398648)","(0.223127, -0.816095, -0.533107)"
4.873698,"(0.181836, 0.958152, 0.221088)","(-0.64079, -0.754044, -0.144245)","(0.125695, -0.768343, 0.627575)","(-0.054957, -0.168413, 0.984183)","(-0.953161, 0.182421, 0.241261)","(0.012233, -0.912072, 0.409847)","(0.049, -0.882518, 0.467718)","(-0.063307, -0.891352, -0.448869)","(0.263217, -0.795632, -0.545606)"
4.90981,"(0.190067, 0.953422, 0.234225)","(-0.633796, -0.77209, -0.046691)","(0.315957, -0.78995, 0.5255)","(0.07972, -0.014072, 0.996718)","(-0.914132, 0.168607, 0.368694)","(0.032882, -0.885854, 0.462797)","(0.006543, -0.873401, 0.486958)","(-0.122678, -0.861273, -0.493112)","(0.297239, -0.773737, -0.559446)"
4.945496,"(0.195849, 0.949818, 0.243905)","(-0.602182, -0.79403, 0.083027)","(0.452868, -0.814397, 0.362862)","(0.196826, 0.1677, 0.96599)","(-0.836755, 0.162406, 0.522939)","(0.046365, -0.86404, 0.501284)","(-0.033166, -0.864749, 0.501108)","(-0.181616, -0.832607, -0.523241)","(0.321014, -0.758046, -0.56773)"
4.981612,"(0.199279, 0.947297, 0.250833)","(-0.536204, -0.818721, 0.205382)","(0.510599, -0.848037, 0.141851)","(0.284245, 0.354343, 0.890868)","(-0.703763, 0.150602, 0.694289)","(0.046337, -0.850629, 0.52372)","(-0.06855, -0.859118, 0.507165)","(-0.232165, -0.810017, -0.538491)","(0.32964, -0.753773, -0.568475)"
5.017612,"(0.20036, 0.945856, 0.255368)","(-0.435666, -0.834482, 0.337395)","(0.497099, -0.863326, -0.086947)","(0.33642, 0.509894, 0.791726)","(-0.524369, 0.102979, 0.845241)","(0.030765, -0.84718, 0.530414)","(-0.102192, -0.855217, 0.508095)","(-0.270021, -0.795085, -0.543073)","(0.315613, -0.759206, -0.569205)"
5.035492,"(0.200037, 0.94551, 0.256899)","(-0.375788, -0.834605, 0.402763)","(0.474691, -0.856762, -0.201563)","(0.35558, 0.567906, 0.742324)","(-0.422459, 0.055081, 0.904707)","(0.018032, -0.848137, 0.529469)","(-0.117086, -0.855213, 0.504879)","(-0.282473, -0.791006, -0.542696)","(0.303159, -0.766381, -0.566353)"
5.071517,"(0.197654, 0.945566, 0.258532)","(-0.265154, -0.818903, 0.509011)","(0.421367, -0.810111, -0.40764)","(0.404173, 0.627481, 0.665516)","(-0.211431, -0.091596, 0.973092)","(-0.007733, -0.850162, 0.526464)","(-0.13963, -0.86105, 0.488975)","(-0.272537, -0.789662, -0.549689)","(0.272502, -0.78889, -0.550814)"
5.107091,"(0.192892, 0.946549, 0.25853)","(-0.163705, -0.796307, 0.58232)","(0.368059, -0.734929, -0.569572)","(0.467491, 0.63112, 0.618983)","(0.005243, -0.286639, 0.958024)","(-0.037226, -0.853477, 0.5198)","(-0.150217, -0.875379, 0.459508)","(-0.222905, -0.798897, -0.558638)","(0.237895, -0.820323, -0.520074)"
5.143161,"(0.18579, 0.948419, 0.256873)","(-0.073974, -0.771696, 0.631675)","(0.321837, -0.663002, -0.675906)","(0.541466, 0.601099, 0.587788)","(0.21223, -0.463144, 0.860498)","(-0.07317, -0.858887, 0.506912)","(-0.149681, -0.895542, 0.419047)","(-0.154229, -0.817075, -0.555519)","(0.198786, -0.855821, -0.477552)"
5.178784,"(0.176321, 0.951176, 0.25333)","(0.012213, -0.739619, 0.672915)","(0.28578, -0.601221, -0.746232)","(0.613609, 0.56749, 0.549034)","(0.402143, -0.565988, 0.71968)","(-0.111109, -0.863028, 0.492786)","(-0.142664, -0.917059, 0.372357)","(-0.079244, -0.837315, -0.540948)","(0.156687, -0.889466, -0.429301)"
5.214587,"(0.164457, 0.954813, 0.247562)","(0.098504, -0.696113, 0.711142)","(0.261274, -0.53972, -0.800274)","(0.67639, 0.546705, 0.493568)","(0.568722, -0.585621, 0.577585)","(-0.145249, -0.860468, 0.488363)","(-0.133559, -0.934535, 0.329858)","(0.001556, -0.854355, -0.519688)","(0.115569, -0.915466, -0.385444)"
5.250629,"(0.15019, 0.959305, 0.239118)","(0.187214, -0.640813, 0.74452)","(0.248273, -0.47413, -0.844726)","(0.725282, 0.543286, 0.422856)","(0.708607, -0.535823, 0.459098)","(-0.173826, -0.851583, 0.494562)","(-0.127256, -0.94491, 0.30158)","(0.090845, -0.861617, -0.499363)","(0.080626, -0.930268, -0.357913)"
5.26852,"(0.142253, 0.961826, 0.233785)","(0.230682, -0.607993, 0.759691)","(0.247463, -0.44159, -0.862415)","(0.744476, 0.546758, 0.383161)","(0.765842, -0.493247, 0.412545)","(-0.188796, -0.844431, 0.501292)","(-0.124669, -0.94705, 0.295896)","(0.128072, -0.860362, -0.49333)","(0.06946, -0.932911, -0.353346)"
5.304436,"(0.124665, 0.967419, 0.220364)","(0.322831, -0.536509, 0.779704)","(0.259295, -0.379923, -0.887933)","(0.770881, 0.560989, 0.301716)","(0.853046, -0.389995, 0.346722)","(-0.229346, -0.820909, 0.52298)","(-0.116097, -0.945303, 0.304835)","(0.195934, -0.851777, -0.485888)","(0.055767, -0.928945, -0.365993)"
5.340509,"(0.105039, 0.973603, 0.202643)","(0.416309, -0.452364, 0.788704)","(0.289091, -0.326314, -0.89997)","(0.785994, 0.577745, 0.220056)","(0.904335, -0.282346, 0.320093)","(-0.285206, -0.786222, 0.548191)","(-0.097626, -0.936453, 0.336935)","(0.269928, -0.836773, -0.476393)","(0.04159, -0.911935, -0.408223)"
5.376367,"(0.083426, 0.980242, 0.179348)","(0.511121, -0.355848, 0.782386)","(0.33509, -0.284521, -0.898199)","(0.793103, 0.592001, 0.143255)","(0.926479, -0.183353, 0.328662)","(-0.351837, -0.744175, 0.567815)","(-0.059518, -0.923294, 0.379454)","(0.351785, -0.816458, -0.457869)","(0.013362, -0.883137, -0.468926)"
5.412581,"(0.06026, 0.986976, 0.149157)","(0.599486, -0.258721, 0.757416)","(0.391806, -0.252917, -0.884602)","(0.796272, 0.601403, 0.065314)","(0.931266, -0.086823, 0.353844)","(-0.419715, -0.699965, 0.577831)","(0.002341, -0.909929, 0.414758)","(0.429145, -0.79587, -0.427113)","(-0.038677, -0.848047, -0.528508)"
5.448551,"(0.035928, 0.993233, 0.110441)","(0.676309, -0.178052, 0.714776)","(0.452298, -0.239513, -0.859104)","(0.798794, 0.601406, -0.015442)","(0.923268, 0.002369, 0.384148)","(-0.477388, -0.65942, 0.580746)","(0.075643, -0.900167, 0.428926)","(0.489997, -0.78124, -0.38674)","(-0.103262, -0.814942, -0.570269)"
5.484386,"(0.010287, 0.998059, 0.061419)","(0.741279, -0.126447, 0.659179)","(0.512047, -0.253601, -0.820667)","(0.804686, 0.58594, -0.095687)","(0.905124, 0.075411, 0.418407)","(-0.517549, -0.626833, 0.582429)","(0.140665, -0.894613, 0.424125)","(0.528451, -0.776024, -0.344278)","(-0.1567, -0.791595, -0.590613)"
5.502283,"(-0.002503, 0.999398, 0.034612)","(0.768695, -0.114104, 0.629356)","(0.539429, -0.270712, -0.797328)","(0.809298, 0.572448, -0.131683)","(0.893531, 0.102921, 0.437046)","(-0.530816, -0.61256, 0.585666)","(0.163724, -0.893855, 0.417393)","(0.540517, -0.779138, -0.317467)","(-0.170158, -0.784762, -0.595982)"
5.538064,"(-0.028354, 0.999517, -0.012709)","(0.815907, -0.114603, 0.566712)","(0.587305, -0.323084, -0.742085)","(0.823458, 0.534461, -0.190445)","(0.868277, 0.135781, 0.477136)","(-0.527728, -0.619273, 0.581381)","(0.186627, -0.892155, 0.411375)","(0.532505, -0.774836, -0.340688)","(-0.191204, -0.787219, -0.586283)"
5.574345,"(-0.054089, 0.997883, -0.036114)","(0.85169, -0.143648, 0.503973)","(0.621434, -0.397233, -0.675297)","(0.846621, 0.483623, -0.222131)","(0.844474, 0.129813, 0.519628)","(-0.493662, -0.656627, 0.570209)","(0.183374, -0.893755, 0.40936)","(0.488186, -0.76855, -0.413527)","(-0.193542, -0.806638, -0.558459)"
5.610888,"(-0.078961, 0.996394, -0.031038)","(0.879791, -0.20061, 0.430956)","(0.643502, -0.478129, -0.597744)","(0.879165, 0.420899, -0.223413)","(0.822393, 0.084212, 0.562653)","(-0.440715, -0.701087, 0.560578)","(0.160432, -0.901469, 0.402014)","(0.412251, -0.77429, -0.480129)","(-0.167871, -0.836374, -0.521822)"
5.637396,"(-0.091701, 0.995644, -0.016838)","(0.886303, -0.234556, 0.399312)","(0.650853, -0.519999, -0.553165)","(0.898946, 0.38353, -0.211664)","(0.8106, 0.046926, 0.583717)","(-0.406642, -0.72601, 0.554574)","(0.142887, -0.907411, 0.395207)","(0.359484, -0.781479, -0.509963)","(-0.146568, -0.854376, -0.498559)"
5.680364,"(-0.120305, 0.991916, 0.040356)","(0.87168, -0.325303, 0.366541)","(0.659963, -0.605545, -0.444707)","(0.944758, 0.289134, -0.154383)","(0.774667, -0.067043, 0.628806)","(-0.318049, -0.784594, 0.532219)","(0.097946, -0.924086, 0.369421)","(0.214038, -0.805048, -0.55325)","(-0.088363, -0.8965, -0.434143)"
5.701767,"(-0.134865, 0.988057, 0.074534)","(0.844067, -0.376106, 0.382223)","(0.665516, -0.638037, -0.387295)","(0.964781, 0.240246, -0.10714)","(0.745055, -0.134058, 0.653393)","(-0.272193, -0.813638, 0.513716)","(0.078135, -0.93202, 0.353883)","(0.13088, -0.817733, -0.560521)","(-0.059089, -0.914874, -0.399391)"
5.738073,"(-0.156146, 0.980214, 0.121652)","(0.772651, -0.452013, 0.445751)","(0.681154, -0.667223, -0.301403)","(0.984496, 0.174613, -0.016685)","(0.681971, -0.228186, 0.694872)","(-0.213589, -0.854467, 0.473568)","(0.058308, -0.93911, 0.338632)","(0.002839, -0.830918, -0.556387)","(-0.020198, -0.9331, -0.359049)"
5.783361,"(-0.173427, 0.972533, 0.155251)","(0.673826, -0.519745, 0.52519)","(0.702176, -0.674185, -0.228961)","(0.988153, 0.138402, 0.066317)","(0.612099, -0.283259, 0.738309)","(-0.174317, -0.881955, 0.437915)","(0.050505, -0.937037, 0.345558)","(-0.083196, -0.832014, -0.548482)","(0.006383, -0.937941, -0.346737)"
5.80165,"(-0.184727, 0.967061, 0.175126)","(0.576025, -0.573875, 0.58212)","(0.719161, -0.671251, -0.179529)","(0.984135, 0.134034, 0.116251)","(0.558026, -0.296322, 0.775113)","(-0.144523, -0.892064, 0.428177)","(0.043568, -0.929225, 0.366938)","(-0.124033, -0.827171, -0.548091)","(0.025849, -0.935171, -0.353252)"
5.837892,"(-0.19786, 0.960351, 0.19641)","(0.408486, -0.653086, 0.637666)","(0.74195, -0.659826, -0.118913)","(0.973498, 0.161627, 0.161799)","(0.485441, -0.271999, 0.830882)","(-0.098094, -0.896914, 0.431188)","(0.026594, -0.911261, 0.410971)","(-0.16975, -0.812079, -0.558313)","(0.060385, -0.921839, -0.38284)"
5.874441,"(-0.208467, 0.95465, 0.212567)","(0.207156, -0.73459, 0.646114)","(0.763263, -0.643002, -0.063068)","(0.955927, 0.219288, 0.195236)","(0.413621, -0.203379, 0.887443)","(-0.048032, -0.894953, 0.443567)","(0.002125, -0.886813, 0.462124)","(-0.213471, -0.789318, -0.57568)","(0.107704, -0.898421, -0.425722)"
5.910272,"(-0.216606, 0.950041, 0.224729)","(-0.00948, -0.808264, 0.588745)","(0.774616, -0.632425, 0.00299)","(0.922472, 0.282945, 0.262653)","(0.330805, -0.091632, 0.93924)","(0.000831, -0.889284, 0.457355)","(-0.02531, -0.861811, 0.506597)","(-0.253098, -0.765301, -0.591824)","(0.159926, -0.869221, -0.467844)"
5.946162,"(-0.222319, 0.946558, 0.233671)","(-0.217591, -0.872118, 0.43825)","(0.762549, -0.641428, 0.084197)","(0.858393, 0.330413, 0.392413)","(0.241171, 0.057324, 0.968788)","(0.042813, -0.883531, 0.466411)","(-0.045853, -0.841595, 0.538159)","(-0.282629, -0.747994, -0.600522)","(0.20543, -0.840959, -0.500587)"
5.982082,"(-0.225673, 0.944182, 0.239985)","(-0.390198, -0.900323, 0.192781)","(0.71464, -0.682203, 0.15456)","(0.743068, 0.315675, 0.590085)","(0.159721, 0.236668, 0.958372)","(0.075506, -0.880332, 0.46831)","(-0.051225, -0.829537, 0.556097)","(-0.295032, -0.742516, -0.601354)","(0.239742, -0.819469, -0.520571)"
6.017785,"(-0.226721, 0.942874, 0.244104)","(-0.495688, -0.862899, -0.098485)","(0.624451, -0.738474, 0.254395)","(0.550844, 0.196926, 0.811043)","(0.095347, 0.411977, 0.906192)","(0.103215, -0.877703, 0.467957)","(-0.037507, -0.82576, 0.562773)","(-0.282484, -0.746986, -0.601843)","(0.268642, -0.80612, -0.527259)"
6.035732,"(-0.226299, 0.942633, 0.245423)","(-0.509229, -0.827585, -0.236198)","(0.568173, -0.761583, 0.311722)","(0.421485, 0.102804, 0.90099)","(0.062436, 0.480659, 0.874682)","(0.113319, -0.878209, 0.464659)","(-0.02654, -0.826307, 0.562594)","(-0.269325, -0.754138, -0.598949)","(0.279425, -0.802623, -0.52699)"
6.071631,"(-0.224029, 0.942797, 0.24687)","(-0.482502, -0.745862, -0.459218)","(0.45032, -0.792326, 0.411619)","(0.138045, -0.102028, 0.985157)","(-0.007268, 0.573048, 0.819489)","(0.125968, -0.883995, 0.450205)","(-0.010784, -0.825527, 0.56426)","(-0.234899, -0.776348, -0.584899)","(0.284039, -0.797544, -0.532208)"
6.107561,"(-0.219306, 0.943947, 0.246718)","(-0.421698, -0.683472, -0.59585)","(0.343391, -0.803985, 0.48548)","(-0.126172, -0.314229, 0.940926)","(-0.113295, 0.59865, 0.792958)","(0.124853, -0.898106, 0.421684)","(-0.000841, -0.825933, 0.563767)","(-0.188508, -0.808902, -0.556905)","(0.264778, -0.799748, -0.538791)"
6.143434,"(-0.212248, 0.946028, 0.244911)","(-0.368897, -0.643635, -0.670559)","(0.250356, -0.800944, 0.543885)","(-0.332568, -0.485868, 0.808289)","(-0.24874, 0.582949, 0.773498)","(0.11333, -0.917911, 0.380258)","(0.009826, -0.828543, 0.559839)","(-0.133793, -0.846198, -0.5158)","(0.233789, -0.810814, -0.536584)"
6.171304,"(-0.207828, 0.947423, 0.243305)","(-0.347888, -0.625107, -0.698724)","(0.204336, -0.793265, 0.573566)","(-0.415313, -0.542506, 0.730207)","(-0.319772, 0.570651, 0.756375)","(0.105892, -0.928564, 0.355748)","(0.015571, -0.8294, 0.558439)","(-0.105415, -0.864384, -0.491659)","(0.21212, -0.818004, -0.534673)"
6.207685,"(-0.193819, 0.952038, 0.236766)","(-0.303731, -0.562402, -0.769059)","(0.079368, -0.750943, 0.65558)","(-0.587905, -0.594647, 0.548419)","(-0.494507, 0.543583, 0.678219)","(0.087343, -0.953329, 0.289024)","(0.033502, -0.824565, 0.564775)","(-0.035592, -0.903996, -0.426057)","(0.137656, -0.837223, -0.529254)"
6.243721,"(-0.179993, 0.956723, 0.228655)","(-0.27135, -0.490148, -0.828326)","(-0.033885, -0.69562, 0.71761)","(-0.704709, -0.552255, 0.445421)","(-0.60877, 0.535962, 0.58493)","(0.07833, -0.965947, 0.246599)","(0.055829, -0.808755, 0.585491)","(0.011473, -0.922537, -0.385739)","(0.065509, -0.849336, -0.523773)"
6.280078,"(-0.163967, 0.96219, 0.217496)","(-0.248543, -0.412983, -0.876169)","(-0.155426, -0.620575, 0.76859)","(-0.804243, -0.459373, 0.377053)","(-0.695294, 0.540123, 0.474166)","(0.068398, -0.9709, 0.229511)","(0.090793, -0.788885, 0.607797)","(0.04066, -0.92658, -0.373894)","(-0.007113, -0.853255, -0.521445)"
6.316053,"(-0.145695, 0.968386, 0.20249)","(-0.250288, -0.345871, -0.904284)","(-0.287145, -0.532703, 0.7961)","(-0.876155, -0.343497, 0.338177)","(-0.754538, 0.550306, 0.35754)","(0.042655, -0.968665, 0.24468)","(0.14768, -0.764342, 0.627672)","(0.063249, -0.915958, -0.396258)","(-0.092282, -0.84873, -0.520712)"
6.334044,"(-0.135857, 0.971677, 0.193358)","(-0.263616, -0.318447, -0.910549)","(-0.354402, -0.484653, 0.799694)","(-0.89948, -0.28605, 0.33032)","(-0.775152, 0.556444, 0.299182)","(0.022119, -0.965303, 0.260195)","(0.185773, -0.74875, 0.636288)","(0.081301, -0.905273, -0.416978)","(-0.143735, -0.843338, -0.517804)"
6.369979,"(-0.114743, 0.978567, 0.170999)","(-0.310123, -0.276095, -0.909723)","(-0.489706, -0.380366, 0.784544)","(-0.923926, -0.183036, 0.335944)","(-0.802013, 0.567769, 0.185509)","(-0.039725, -0.955784, 0.291373)","(0.27755, -0.713507, 0.64333)","(0.139301, -0.874478, -0.464632)","(-0.262242, -0.826379, -0.498325)"
6.406157,"(-0.092055, 0.985559, 0.142124)","(-0.37046, -0.244611, -0.896061)","(-0.614467, -0.268887, 0.741707)","(-0.928808, -0.088491, 0.359842)","(-0.817413, 0.568718, 0.091626)","(-0.127666, -0.944872, 0.301526)","(0.373935, -0.67903, 0.631736)","(0.225118, -0.836654, -0.499332)","(-0.381897, -0.802783, -0.457924)"
6.442161,"(-0.067621, 0.992248, 0.104265)","(-0.432515, -0.229806, -0.871848)","(-0.717739, -0.163365, 0.676877)","(-0.920591, 0.001001, 0.390526)","(-0.831451, 0.555065, 0.024344)","(-0.221771, -0.933855, 0.280595)","(0.455528, -0.648783, 0.60957)","(0.316654, -0.801618, -0.507089)","(-0.479293, -0.780017, -0.402309)"
6.478308,"(-0.042211, 0.997503, 0.056628)","(-0.491253, -0.24145, -0.836883)","(-0.792784, -0.088739, 0.603008)","(-0.901543, 0.075864, 0.425987)","(-0.849352, 0.527228, -0.025123)","(-0.292964, -0.924119, 0.245309)","(0.507989, -0.626545, 0.591091)","(0.381443, -0.779072, -0.497543)","(-0.543724, -0.765505, -0.344044)"
6.514895,"(-0.016437, 0.999857, 0.003857)","(-0.539888, -0.283802, -0.79245)","(-0.843078, -0.055676, 0.534902)","(-0.875595, 0.125772, 0.466385)","(-0.868234, 0.491458, -0.068112)","(-0.330974, -0.917411, 0.220938)","(0.530527, -0.613854, 0.584572)","(0.404857, -0.771796, -0.490328)","(-0.580495, -0.76163, -0.288003)"
6.550515,"(0.009692, 0.999269, -0.036979)","(-0.575018, -0.352153, -0.738473)","(-0.875684, -0.066214, 0.478322)","(-0.846222, 0.144466, 0.512873)","(-0.8847, 0.452278, -0.112921)","(-0.328257, -0.917141, 0.226051)","(0.516164, -0.638321, 0.57107)","(0.404597, -0.781439, -0.475031)","(-0.558478, -0.75265, -0.348741)"
6.568797,"(0.022507, 0.998663, -0.046533)","(-0.586863, -0.39221, -0.708352)","(-0.885739, -0.086146, 0.456121)","(-0.83122, 0.140059, 0.538012)","(-0.890898, 0.433556, -0.135386)","(-0.315389, -0.919362, 0.235167)","(0.500143, -0.654445, 0.567062)","(0.390987, -0.791084, -0.470441)","(-0.534356, -0.753088, -0.383825)"
6.60476,"(0.047882, 0.997875, -0.044202)","(-0.597692, -0.482421, -0.64034)","(-0.897704, -0.157643, 0.411432)","(-0.800848, 0.097962, 0.590801)","(-0.898834, 0.398561, -0.182335)","(-0.267702, -0.927857, 0.259647)","(0.448753, -0.693411, 0.563739)","(0.337163, -0.819441, -0.463505)","(-0.45662, -0.763326, -0.456981)"
6.640741,"(0.072106, 0.997329, -0.011656)","(-0.595731, -0.56956, -0.566309)","(-0.886984, -0.259909, 0.381716)","(-0.765425, 0.019641, 0.643226)","(-0.903634, 0.370492, -0.214898)","(-0.199188, -0.939566, 0.278459)","(0.375725, -0.737909, 0.560643)","(0.25774, -0.855447, -0.449201)","(-0.341425, -0.782354, -0.520914)"
6.677026,"(0.095035, 0.994619, 0.04124)","(-0.587624, -0.641876, -0.492639)","(-0.8342, -0.380497, 0.399165)","(-0.713791, -0.082445, 0.69549)","(-0.913771, 0.346566, -0.211929)","(-0.129286, -0.951419, 0.279442)","(0.293381, -0.784949, 0.545694)","(0.173504, -0.891607, -0.418251)","(-0.197379, -0.802929, -0.562447)"
6.713417,"(0.115934, 0.988876, 0.093182)","(-0.584961, -0.690901, -0.424824)","(-0.73398, -0.497734, 0.462099)","(-0.635372, -0.185534, 0.749586)","(-0.931022, 0.322537, -0.170788)","(-0.077593, -0.959948, 0.269219)","(0.221302, -0.82855, 0.514326)","(0.105323, -0.919186, -0.379479)","(-0.057379, -0.818606, -0.571482)"
6.74922,"(0.134812, 0.981525, 0.135774)","(-0.594778, -0.717669, -0.362203)","(-0.587214, -0.594606, 0.549203)","(-0.525787, -0.269054, 0.806944)","(-0.951551, 0.290836, -0.099826)","(-0.04911, -0.9624, 0.26716)","(0.172103, -0.862391, 0.476091)","(0.057633, -0.934257, -0.351914)","(0.064011, -0.829838, -0.554322)"
6.767023,"(0.143388, 0.977706, 0.153395)","(-0.603143, -0.725353, -0.331786)","(-0.498821, -0.633934, 0.59102)","(-0.462188, -0.296271, 0.835827)","(-0.960577, 0.272374, -0.055708)","(-0.04112, -0.960896, 0.27384)","(0.155178, -0.874093, 0.460306)","(0.041693, -0.936781, -0.347423)","(0.109427, -0.831964, -0.543932)"
6.803109,"(0.158669, 0.970373, 0.182212)","(-0.621293, -0.735025, -0.27154)","(-0.300249, -0.695231, 0.653073)","(-0.32693, -0.311925, 0.892087)","(-0.971297, 0.234168, 0.0418)","(-0.027114, -0.951863, 0.305322)","(0.124349, -0.886, 0.4467)","(0.015568, -0.932529, -0.360761)","(0.17634, -0.828744, -0.53112)"
6.859181,"(0.17492, 0.961942, 0.209928)","(-0.638332, -0.745683, -0.191022)","(-0.021413, -0.750216, 0.660846)","(-0.146975, -0.243818, 0.95862)","(-0.965421, 0.195894, 0.172011)","(-0.00252, -0.928539, 0.371227)","(0.076769, -0.886432, 0.456448)","(-0.02878, -0.909504, -0.414697)","(0.236639, -0.810122, -0.536381)"
6.887499,"(0.182737, 0.957649, 0.222522)","(-0.640745, -0.755476, -0.136756)","(0.145619, -0.77098, 0.619988)","(-0.041906, -0.155558, 0.986938)","(-0.950728, 0.181015, 0.251693)","(0.014368, -0.909612, 0.41521)","(0.044913, -0.881811, 0.469459)","(-0.068789, -0.888523, -0.453646)","(0.266786, -0.793433, -0.547074)"
6.915033,"(0.189219, 0.953924, 0.232863)","(-0.6356, -0.769667, -0.060214)","(0.2956, -0.787615, 0.540633)","(0.064119, -0.03459, 0.997343)","(-0.92051, 0.169962, 0.351816)","(0.030666, -0.888841, 0.457188)","(0.01153, -0.874507, 0.484876)","(-0.115423, -0.864942, -0.488419)","(0.293621, -0.776226, -0.557907)"
6.951554,"(0.196542, 0.94935, 0.245165)","(-0.594164, -0.797646, 0.103586)","(0.465875, -0.821114, 0.329747)","(0.212843, 0.196932, 0.957035)","(-0.8199, 0.161786, 0.549172)","(0.047334, -0.86137, 0.505769)","(-0.039052, -0.863642, 0.50259)","(-0.190231, -0.828588, -0.52655)","(0.323422, -0.75655, -0.568358)"
6.969488,"(0.198394, 0.948019, 0.248796)","(-0.562077, -0.810474, 0.16493)","(0.497577, -0.839782, 0.217219)","(0.258989, 0.293079, 0.920342)","(-0.754508, 0.157501, 0.637112)","(0.048014, -0.854113, 0.517867)","(-0.057096, -0.860726, 0.505857)","(-0.216458, -0.816805, -0.534768)","(0.328797, -0.753966, -0.568707)"
7.005728,"(0.20026, 0.946218, 0.254103)","(-0.472127, -0.83118, 0.293658)","(0.507734, -0.861445, -0.01089)","(0.322315, 0.463728, 0.825269)","(-0.588053, 0.125118, 0.799087)","(0.037368, -0.847445, 0.529567)","(-0.091451, -0.856095, 0.508663)","(-0.259473, -0.799081, -0.542351)","(0.322198, -0.756223, -0.569487)"
7.045796,"(0.199781, 0.94545, 0.257318)","(-0.354619, -0.833075, 0.424537)","(0.465052, -0.851926, -0.240726)","(0.362646, 0.584156, 0.72612)","(-0.385497, 0.034305, 0.922071)","(0.013087, -0.848697, 0.528718)","(-0.121863, -0.855607, 0.503077)","(-0.28507, -0.790184, -0.542535)","(0.298099, -0.769589, -0.564686)"
7.082163,"(0.196515, 0.94576, 0.25869)","(-0.233691, -0.812446, 0.534153)","(0.405373, -0.789644, -0.460582)","(0.420423, 0.634372, 0.648704)","(-0.148191, -0.145064, 0.978262)","(-0.015411, -0.850719, 0.525394)","(-0.144078, -0.864373, 0.481768)","(-0.260869, -0.790978, -0.553444)","(0.262483, -0.797375, -0.543412)"
7.100482,"(0.194039, 0.94628, 0.258656)","(-0.182785, -0.800955, 0.570141)","(0.378401, -0.750942, -0.541201)","(0.453069, 0.634549, 0.62616)","(-0.038195, -0.245634, 0.96861)","(-0.030674, -0.852529, 0.52178)","(-0.149138, -0.871852, 0.466511)","(-0.235118, -0.796122, -0.557592)","(0.245028, -0.81348, -0.527458)"
7.136645,"(0.187262, 0.948012, 0.257305)","(-0.089817, -0.776453, 0.623742)","(0.329468, -0.675231, -0.659935)","(0.527578, 0.608018, 0.593275)","(0.175479, -0.434662, 0.883332)","(-0.066257, -0.857822, 0.509658)","(-0.150478, -0.891555, 0.427184)","(-0.167727, -0.813337, -0.557092)","(0.206351, -0.849196, -0.486091)"
7.172863,"(0.17814, 0.950633, 0.254094)","(-0.002735, -0.745931, 0.666017)","(0.291209, -0.611549, -0.735666)","(0.601521, 0.572848, 0.556792)","(0.370564, -0.554075, 0.745441)","(-0.104609, -0.862576, 0.494995)","(-0.144206, -0.913406, 0.380651)","(-0.09262, -0.833868, -0.544138)","(0.164091, -0.883977, -0.437789)"
7.208796,"(0.166571, 0.954155, 0.248682)","(0.084058, -0.70395, 0.705258)","(0.264493, -0.550029, -0.792156)","(0.666972, 0.549016, 0.503716)","(0.543077, -0.587572, 0.599855)","(-0.140021, -0.861307, 0.48841)","(-0.135044, -0.932035, 0.336264)","(-0.012258, -0.852067, -0.523289)","(0.122047, -0.911888, -0.391873)"
7.244829,"(0.152673, 0.958516, 0.240705)","(0.174269, -0.652486, 0.737491)","(0.249428, -0.484805, -0.838302)","(0.717823, 0.542713, 0.436111)","(0.688039, -0.547482, 0.476305)","(-0.169076, -0.853517, 0.492871)","(-0.128189, -0.943775, 0.304724)","(0.07703, -0.861375, -0.502094)","(0.08539, -0.928681, -0.360915)"
7.281107,"(0.136586, 0.963628, 0.229708)","(0.261759, -0.585819, 0.767006)","(0.249151, -0.42003, -0.872639)","(0.754839, 0.550709, 0.356283)","(0.799442, -0.460102, 0.386262)","(-0.200201, -0.838167, 0.507343)","(-0.122669, -0.947378, 0.29568)","(0.151353, -0.858216, -0.490467)","(0.063818, -0.93296, -0.354277)"
7.303041,"(0.127472, 0.96653, 0.222645)","(0.309028, -0.54817, 0.777182)","(0.256208, -0.388893, -0.88494)","(0.767389, 0.558767, 0.314473)","(0.842186, -0.406505, 0.354227)","(-0.221991, -0.825404, 0.519065)","(-0.117856, -0.946093, 0.301691)","(0.185925, -0.853463, -0.486861)","(0.057287, -0.930378, -0.362099)"
7.339199,"(0.105882, 0.97334, 0.203466)","(0.412427, -0.456055, 0.788618)","(0.287539, -0.328326, -0.899735)","(0.785607, 0.57702, 0.223318)","(0.90286, -0.286653, 0.320428)","(-0.282674, -0.787806, 0.547228)","(-0.098678, -0.936925, 0.335314)","(0.266661, -0.837519, -0.476921)","(0.042381, -0.912886, -0.406008)"
7.378643,"(0.082073, 0.980649, 0.17774)","(0.516692, -0.349862, 0.781426)","(0.338338, -0.282276, -0.89769)","(0.793393, 0.592694, 0.138711)","(0.927149, -0.177542, 0.329959)","(-0.356002, -0.741514, 0.5687)","(-0.056464, -0.922453, 0.381958)","(0.356687, -0.815165, -0.456377)","(0.01099, -0.881131, -0.472745)"
7.41452,"(0.058952, 0.987339, 0.14726)","(0.604033, -0.253724, 0.755492)","(0.395044, -0.251645, -0.883524)","(0.796389, 0.601706, 0.060954)","(0.931127, -0.081688, 0.355429)","(-0.423237, -0.697603, 0.578119)","(0.006215, -0.90928, 0.416138)","(0.432997, -0.794865, -0.425092)","(-0.04206, -0.846113, -0.531341)"
7.436079,"(0.046817, 0.990585, 0.128643)","(0.643901, -0.210872, 0.735476)","(0.425424, -0.242575, -0.871878)","(0.797477, 0.603002, 0.020473)","(0.9282, -0.035498, 0.370385)","(-0.453642, -0.676641, 0.579971)","(0.042863, -0.903983, 0.425414)","(0.465514, -0.786772, -0.405323)","(-0.074358, -0.828902, -0.55443)"
7.475714,"(0.019179, 0.996688, 0.079024)","(0.720352, -0.14045, 0.67924)","(0.491497, -0.246406, -0.835293)","(0.802375, 0.592806, -0.069106)","(0.912413, 0.052091, 0.405943)","(-0.506086, -0.636863, 0.581621)","(0.120544, -0.896051, 0.427274)","(0.517827, -0.776651, -0.358703)","(-0.141063, -0.79815, -0.585711)"
7.511755,"(-0.009227, 0.999741, 0.020802)","(0.781942, -0.111054, 0.613379)","(0.552639, -0.282831, -0.783962)","(0.812277, 0.563898, -0.149078)","(0.887254, 0.114098, 0.446947)","(-0.534763, -0.60782, 0.587013)","(0.172998, -0.893699, 0.413974)","(0.544029, -0.780614, -0.307693)","(-0.174952, -0.782876, -0.597074)"
7.547695,"(-0.035145, 0.999139, -0.02205)","(0.826658, -0.120071, 0.549745)","(0.597277, -0.341587, -0.725657)","(0.828522, 0.522254, -0.201995)","(0.861979, 0.137692, 0.487886)","(-0.520347, -0.628965, 0.577617)","(0.187742, -0.891819, 0.411598)","(0.522624, -0.771545, -0.362744)","(-0.195271, -0.791307, -0.579399)"
7.583613,"(-0.060711, 0.997455, -0.037386)","(0.860647, -0.158282, 0.483976)","(0.628275, -0.418334, -0.655948)","(0.854219, 0.468154, -0.226146)","(0.83863, 0.121761, 0.530919)","(-0.481572, -0.667607, 0.567793)","(0.179168, -0.895232, 0.407993)","(0.471928, -0.768981, -0.431222)","(-0.189272, -0.81351, -0.549888)"
7.601555,"(-0.073213, 0.996714, -0.034668)","(0.874599, -0.186274, 0.447637)","(0.639408, -0.458972, -0.616849)","(0.870773, 0.436663, -0.226007)","(0.827644, 0.098376, 0.552565)","(-0.454755, -0.690051, 0.563052)","(0.167338, -0.899165, 0.404352)","(0.433221, -0.772041, -0.465051)","(-0.175996, -0.828638, -0.531398)"
7.637533,"(-0.097416, 0.995215, -0.007522)","(0.887389, -0.251261, 0.386535)","(0.653096, -0.538827, -0.532101)","(0.908332, 0.365315, -0.203663)","(0.804959, 0.026911, 0.59272)","(-0.38987, -0.73767, 0.551221)","(0.13384, -0.91059, 0.391042)","(0.332661, -0.785623, -0.521663)","(-0.135358, -0.862982, -0.486765)"
7.673588,"(-0.120239, 0.991931, 0.040199)","(0.871772, -0.325077, 0.366522)","(0.659945, -0.605377, -0.444962)","(0.94466, 0.289355, -0.154568)","(0.774776, -0.066746, 0.628702)","(-0.318261, -0.78446, 0.53229)","(0.098045, -0.924047, 0.369493)","(0.2144, -0.804988, -0.553197)","(-0.0885, -0.896408, -0.434304)"
7.709536,"(-0.141147, 0.985971, 0.089097)","(0.827162, -0.398486, 0.396248)","(0.668969, -0.649078, -0.362186)","(0.972078, 0.219658, -0.082551)","(0.729218, -0.163363, 0.664496)","(-0.253361, -0.825797, 0.503853)","(0.070849, -0.934922, 0.347708)","(0.093598, -0.822744, -0.560654)","(-0.047024, -0.921612, -0.385254)"
7.74919,"(-0.159924, 0.978618, 0.129351)","(0.754895, -0.465916, 0.461581)","(0.685154, -0.669972, -0.285837)","(0.986352, 0.164647, 0.001322)","(0.668147, -0.242714, 0.703328)","(-0.204688, -0.861369, 0.464916)","(0.056073, -0.939423, 0.338142)","(-0.019291, -0.831989, -0.554456)","(-0.013866, -0.934953, -0.354501)"
7.767123,"(-0.170233, 0.974015, 0.149388)","(0.695922, -0.506396, 0.509172)","(0.697699, -0.674054, -0.242623)","(0.988384, 0.143209, 0.050867)","(0.626273, -0.275416, 0.729334)","(-0.181376, -0.877778, 0.443407)","(0.051566, -0.93818, 0.342286)","(-0.069927, -0.832491, -0.549609)","(0.001781, -0.937789, -0.347202)"
7.803101,"(-0.185459, 0.966698, 0.176352)","(0.56843, -0.577737, 0.585753)","(0.720357, -0.670835, -0.176255)","(0.983713, 0.134521, 0.119219)","(0.554255, -0.296287, 0.777828)","(-0.142239, -0.892451, 0.428135)","(0.042924, -0.928494, 0.368859)","(-0.126367, -0.826667, -0.548318)","(0.027319, -0.934782, -0.354171)"
7.838939,"(-0.198261, 0.960142, 0.19703)","(0.402136, -0.65583, 0.638885)","(0.742707, -0.659321, -0.116977)","(0.973042, 0.163202, 0.162954)","(0.482995, -0.270328, 0.83285)","(-0.096439, -0.896974, 0.431436)","(0.025851, -0.910527, 0.41264)","(-0.17129, -0.811389, -0.558846)","(0.061789, -0.921182, -0.384196)"
7.874897,"(-0.208665, 0.954541, 0.212865)","(0.202583, -0.736287, 0.645633)","(0.763671, -0.642636, -0.061855)","(0.955424, 0.220725, 0.196075)","(0.412037, -0.201457, 0.888618)","(-0.046945, -0.894862, 0.443867)","(0.001547, -0.886267, 0.463173)","(-0.214369, -0.788784, -0.576078)","(0.108823, -0.89783, -0.426683)"
7.911117,"(-0.216733, 0.949966, 0.224924)","(-0.013546, -0.809554, 0.586889)","(0.774649, -0.632376, 0.004376)","(0.921616, 0.284051, 0.264459)","(0.329124, -0.089144, 0.94007)","(0.001702, -0.889163, 0.457588)","(-0.025798, -0.86137, 0.507322)","(-0.253772, -0.764888, -0.59207)","(0.160881, -0.868658, -0.468562)"
7.946963,"(-0.222425, 0.946489, 0.23385)","(-0.222204, -0.87333, 0.433498)","(0.761865, -0.641986, 0.086115)","(0.856361, 0.330979, 0.396357)","(0.239048, 0.061233, 0.969075)","(0.043701, -0.883419, 0.466543)","(-0.046179, -0.841208, 0.538737)","(-0.283141, -0.747714, -0.600629)","(0.206382, -0.840352, -0.501214)"
7.983173,"(-0.225746, 0.94412, 0.24016)","(-0.395047, -0.900185, 0.183316)","(0.712337, -0.683965, 0.15738)","(0.737982, 0.313426, 0.597617)","(0.157148, 0.242877, 0.957244)","(0.076523, -0.880239, 0.46832)","(-0.051078, -0.829275, 0.556502)","(-0.29504, -0.74251, -0.601357)","(0.240802, -0.81887, -0.521025)"
8.0011,"(-0.226407, 0.943387, 0.242407)","(-0.455114, -0.889561, 0.039399)","(0.671106, -0.712047, 0.206412)","(0.65043, 0.26138, 0.713177)","(0.120877, 0.33177, 0.935584)","(0.090671, -0.878866, 0.468374)","(-0.045406, -0.826878, 0.560546)","(-0.290187, -0.744061, -0.601802)","(0.255581, -0.811605, -0.525334)"
8.037253,"(-0.226264, 0.942619, 0.245507)","(-0.509649, -0.824474, -0.245971)","(0.563852, -0.76314, 0.315735)","(0.411475, 0.095836, 0.906368)","(0.060404, 0.485485, 0.872156)","(0.114027, -0.878264, 0.464382)","(-0.025732, -0.826355, 0.562562)","(-0.268345, -0.754697, -0.598684)","(0.280174, -0.802398, -0.526935)"
8.073488,"(-0.223888, 0.942824, 0.246894)","(-0.480208, -0.742999, -0.46621)","(0.445628, -0.793138, 0.415147)","(0.126756, -0.110503, 0.98576)","(-0.010592, 0.575315, 0.817863)","(0.126174, -0.884403, 0.449346)","(-0.010375, -0.825446, 0.564385)","(-0.233247, -0.77749, -0.584042)","(0.283629, -0.79742, -0.532612)"
8.109472,"(-0.219005, 0.94403, 0.246668)","(-0.418623, -0.680995, -0.600833)","(0.338487, -0.804169, 0.488609)","(-0.138092, -0.324396, 0.935787)","(-0.119738, 0.598541, 0.792093)","(0.124468, -0.899009, 0.419871)","(-0.000358, -0.826049, 0.563599)","(-0.185922, -0.81072, -0.555126)","(0.263372, -0.800112, -0.53894)"
8.145236,"(-0.211819, 0.946161, 0.244767)","(-0.366596, -0.64187, -0.673506)","(0.245678, -0.800378, 0.546844)","(-0.34163, -0.492856, 0.800239)","(-0.256143, 0.581602, 0.772095)","(0.112542, -0.919041, 0.377754)","(0.010409, -0.828693, 0.559606)","(-0.130838, -0.848126, -0.513384)","(0.231819, -0.811536, -0.536349)"
8.183794,"(-0.202344, 0.949202, 0.240981)","(-0.328325, -0.602767, -0.727238)","(0.152875, -0.779468, 0.607502)","(-0.493863, -0.580918, 0.647019)","(-0.396755, 0.556872, 0.729712)","(0.097477, -0.940054, 0.326797)","(0.022387, -0.829474, 0.558097)","(-0.074673, -0.88315, -0.46311)","(0.183041, -0.826071, -0.533013)"
8.20255,"(-0.195721, 0.951401, 0.23776)","(-0.308822, -0.5718, -0.760048)","(0.095313, -0.757903, 0.645367)","(-0.568977, -0.595058, 0.567602)","(-0.474653, 0.54597, 0.690378)","(0.08932, -0.950746, 0.296823)","(0.030926, -0.826012, 0.562803)","(-0.043576, -0.900007, -0.433692)","(0.147819, -0.834946, -0.530109)"
8.238482,"(-0.182121, 0.955999, 0.229995)","(-0.275861, -0.501405, -0.820057)","(-0.016604, -0.704432, 0.709577)","(-0.688788, -0.562129, 0.457801)","(-0.594154, 0.536353, 0.599423)","(0.079362, -0.964582, 0.251563)","(0.051959, -0.811526, 0.582001)","(0.005416, -0.920666, -0.390313)","(0.076341, -0.847998, -0.524472)"
8.274492,"(-0.166567, 0.961304, 0.219432)","(-0.250945, -0.424505, -0.869955)","(-0.135544, -0.632328, 0.762751)","(-0.790551, -0.475826, 0.38551)","(-0.684123, 0.539053, 0.491322)","(0.070512, -0.970604, 0.230124)","(0.084329, -0.792148, 0.604475)","(0.037064, -0.9269, -0.373475)","(0.00433, -0.853188, -0.521585)"
8.310262,"(-0.148739, 0.967357, 0.205178)","(-0.248074, -0.355513, -0.90115)","(-0.265915, -0.547526, 0.793413)","(-0.866929, -0.362252, 0.342356)","(-0.746492, 0.548725, 0.376365)","(0.048057, -0.969444, 0.24056)","(0.136948, -0.768772, 0.624688)","(0.05894, -0.918638, -0.390679)","(-0.077315, -0.849974, -0.521121)"
8.346417,"(-0.128927, 0.973965, 0.186466)","(-0.276841, -0.30193, -0.912249)","(-0.400239, -0.45054, 0.798011)","(-0.911001, -0.248568, 0.329077)","(-0.785919, 0.560898, 0.260241)","(0.00461, -0.962372, 0.271696)","(0.214849, -0.737221, 0.640582)","(0.097288, -0.896171, -0.432912)","(-0.181719, -0.838484, -0.513735)"
8.382117,"(-0.107298, 0.980921, 0.162116)","(-0.330312, -0.264339, -0.906101)","(-0.533458, -0.34359, 0.772896)","(-0.927087, -0.151229, 0.342985)","(-0.807949, 0.569778, 0.15024)","(-0.06675, -0.952157, 0.298232)","(0.310596, -0.701477, 0.641452)","(0.165492, -0.862108, -0.478938)","(-0.30387, -0.818975, -0.486768)"
8.417878,"(-0.084093, 0.987864, 0.130586)","(-0.391006, -0.237315, -0.889267)","(-0.651766, -0.23199, 0.722068)","(-0.927379, -0.057888, 0.369617)","(-0.821783, 0.565922, 0.066366)","(-0.159771, -0.941174, 0.297765)","(0.403712, -0.668439, 0.624665)","(0.256598, -0.824162, -0.50489)","(-0.417872, -0.794562, -0.440515)"
8.435893,"(-0.072014, 0.991141, 0.111592)","(-0.421708, -0.230653, -0.876905)","(-0.701541, -0.180526, 0.689385)","(-0.922866, -0.013886, 0.38487)","(-0.828834, 0.558438, 0.034378)","(-0.206009, -0.935775, 0.286157)","(0.442967, -0.653698, 0.613562)","(0.301508, -0.807145, -0.507554)","(-0.464452, -0.783585, -0.412648)"
8.471776,"(-0.046939, 0.996717, 0.065972)","(-0.48167, -0.235853, -0.844019)","(-0.780948, -0.099677, 0.616591)","(-0.905408, 0.064745, 0.419577)","(-0.846001, 0.532909, -0.017017)","(-0.282226, -0.925736, 0.251717)","(0.500697, -0.629894, 0.593748)","(0.372313, -0.78209, -0.499718)","(-0.53426, -0.767428, -0.354431)"
8.507844,"(-0.021171, 0.999689, 0.01315)","(-0.531906, -0.273962, -0.801262)","(-0.835397, -0.058493, 0.546525)","(-0.880638, 0.118822, 0.458648)","(-0.864841, 0.498405, -0.060355)","(-0.326785, -0.918262, 0.223619)","(0.528961, -0.614328, 0.585493)","(0.402996, -0.771943, -0.491628)","(-0.576798, -0.762315, -0.293565)"
8.5439,"(0.004799, 0.999502, -0.031197)","(-0.569112, -0.338573, -0.749319)","(-0.870664, -0.060851, 0.488099)","(-0.851973, 0.143143, 0.50364)","(-0.881927, 0.459696, -0.104326)","(-0.331316, -0.916706, 0.223341)","(0.521077, -0.632113, 0.573508)","(0.407058, -0.778561, -0.477647)","(-0.566089, -0.753808, -0.333642)"
8.579785,"(0.030536, 0.998338, -0.048867)","(-0.591563, -0.420338, -0.688018)","(-0.891229, -0.105759, 0.441051)","(-0.821913, 0.131329, 0.554267)","(-0.894211, 0.421533, -0.150657)","(-0.303517, -0.921498, 0.242322)","(0.486885, -0.665763, 0.565423)","(0.377771, -0.798772, -0.468243)","(-0.51449, -0.755024, -0.406495)"
8.601134,"(0.043071, 0.997972, -0.046876)","(-0.596772, -0.464787, -0.654093)","(-0.896312, -0.140854, 0.420458)","(-0.806987, 0.109343, 0.580359)","(-0.897886, 0.404719, -0.173212)","(-0.279091, -0.925841, 0.254805)","(0.460694, -0.685207, 0.564139)","(0.350161, -0.813102, -0.46503)","(-0.474777, -0.760544, -0.4429)"
8.637424,"(0.069928, 0.997426, -0.015854)","(-0.596376, -0.561893, -0.573247)","(-0.889336, -0.249499, 0.383187)","(-0.76914, 0.028176, 0.638459)","(-0.903137, 0.372768, -0.213045)","(-0.206017, -0.938412, 0.277379)","(0.38314, -0.733646, 0.561219)","(0.265734, -0.851956, -0.451174)","(-0.35345, -0.780381, -0.515828)"
8.673222,"(0.092823, 0.995048, 0.035549)","(-0.588442, -0.635579, -0.499775)","(-0.841663, -0.368104, 0.395098)","(-0.720015, -0.071689, 0.690245)","(-0.9124, 0.348874, -0.214041)","(-0.135768, -0.950306, 0.280152)","(0.301535, -0.780224, 0.548021)","(0.181526, -0.88822, -0.422035)","(-0.212393, -0.80104, -0.559664)"
8.709315,"(0.11395, 0.989549, 0.088362)","(-0.584769, -0.687053, -0.43128)","(-0.746037, -0.486742, 0.454436)","(-0.644497, -0.175866, 0.744107)","(-0.929084, 0.325116, -0.176357)","(-0.081715, -0.95932, 0.270235)","(0.22759, -0.824566, 0.517972)","(0.11117, -0.916962, -0.383175)","(-0.070534, -0.817267, -0.571926)"
8.745299,"(0.132891, 0.982347, 0.131661)","(-0.593259, -0.715572, -0.368783)","(-0.605016, -0.585284, 0.539813)","(-0.538747, -0.261796, 0.800759)","(-0.949432, 0.294597, -0.108587)","(-0.051332, -0.962467, 0.266499)","(0.176348, -0.859332, 0.480051)","(0.061796, -0.933276, -0.353804)","(0.052605, -0.829048, -0.556697)"
8.781137,"(0.149653, 0.974782, 0.165543)","(-0.610504, -0.729589, -0.308196)","(-0.424057, -0.660412, 0.619703)","(-0.410071, -0.309398, 0.857971)","(-0.966186, 0.257178, -0.018578)","(-0.036247, -0.958359, 0.283256)","(0.143741, -0.880559, 0.451613)","(0.031441, -0.936578, -0.349045)","(0.138588, -0.832021, -0.537154)"
8.817282,"(0.164063, 0.967644, 0.1917)","(-0.627689, -0.738115, -0.247372)","(-0.216373, -0.714693, 0.665129)","(-0.271849, -0.30215, 0.913676)","(-0.971991, 0.22033, 0.081786)","(-0.020467, -0.946023, 0.323454)","(0.110815, -0.887261, 0.447758)","(0.004334, -0.927578, -0.373605)","(0.196977, -0.824703, -0.530155)"
8.835175,"(0.170394, 0.96435, 0.202472)","(-0.634403, -0.742101, -0.216378)","(-0.108623, -0.737828, 0.666192)","(-0.201722, -0.275292, 0.939959)","(-0.969617, 0.206144, 0.13171)","(-0.010796, -0.9369, 0.349431)","(0.092223, -0.887505, 0.451475)","(-0.012814, -0.918438, -0.395359)","(0.220221, -0.817266, -0.532521)"
8.871141,"(0.181202, 0.958505, 0.220079)","(-0.640761, -0.753103, -0.149202)","(0.111776, -0.766479, 0.632469)","(-0.063953, -0.177017, 0.982128)","(-0.954712, 0.18343, 0.234263)","(0.010753, -0.913771, 0.406088)","(0.051819, -0.882998, 0.466507)","(-0.05957, -0.893286, -0.445524)","(0.260719, -0.797149, -0.54459)"
8.907026,"(0.189525, 0.953744, 0.233353)","(-0.634999, -0.77052, -0.055452)","(0.302933, -0.788428, 0.535363)","(0.069693, -0.027331, 0.997194)","(-0.918301, 0.169459, 0.35778)","(0.031466, -0.88777, 0.45921)","(0.009752, -0.874112, 0.485627)","(-0.118005, -0.863632, -0.490116)","(0.294926, -0.775328, -0.558467)"
8.943109,"(0.195516, 0.950038, 0.243314)","(-0.60554, -0.792422, 0.073407)","(0.44582, -0.811866, 0.376986)","(0.189332, 0.154343, 0.969707)","(-0.84393, 0.162691, 0.511188)","(0.045783, -0.865351, 0.499071)","(-0.030457, -0.865295, 0.500338)","(-0.177598, -0.834505, -0.521594)","(0.319765, -0.758838, -0.567377)"
8.979157,"(0.199122, 0.947433, 0.250442)","(-0.541711, -0.817154, 0.196998)","(0.508652, -0.846508, 0.157153)","(0.279457, 0.342374, 0.897042)","(-0.714375, 0.152358, 0.682975)","(0.046825, -0.851229, 0.522701)","(-0.066238, -0.859432, 0.50694)","(-0.22912, -0.811319, -0.537834)","(0.329697, -0.753734, -0.568493)"
9.01498,"(0.20036, 0.945916, 0.255146)","(-0.442588, -0.834061, 0.32933)","(0.49916, -0.863448, -0.072773)","(0.333873, 0.501839, 0.797926)","(-0.536475, 0.107827, 0.837)","(0.032077, -0.84719, 0.530321)","(-0.100244, -0.855319, 0.508311)","(-0.268274, -0.795755, -0.542958)","(0.316899, -0.758543, -0.569375)"
9.051024,"(0.199293, 0.945419, 0.25781)","(-0.327462, -0.82949, 0.452455)","(0.45163, -0.842478, -0.293703)","(0.375054, 0.601434, 0.705416)","(-0.33313, 0.000984, 0.942881)","(0.006324, -0.849325, 0.527833)","(-0.128093, -0.856606, 0.499819)","(-0.285611, -0.789535, -0.543196)","(0.290797, -0.774614, -0.561614)"
9.068922,"(0.197883, 0.945533, 0.258477)","(-0.272387, -0.820296, 0.502912)","(0.424964, -0.814473, -0.395018)","(0.400658, 0.625319, 0.669664)","(-0.225681, -0.079948, 0.970915)","(-0.006094, -0.850066, 0.52664)","(-0.138486, -0.860391, 0.490458)","(-0.27483, -0.789515, -0.548758)","(0.274739, -0.787057, -0.552322)"
9.104601,"(0.193331, 0.946444, 0.258586)","(-0.170771, -0.798052, 0.577885)","(0.371894, -0.740891, -0.559264)","(0.462064, 0.632543, 0.6216)","(-0.010914, -0.271462, 0.962387)","(-0.034753, -0.853116, 0.520563)","(-0.149866, -0.874037, 0.462168)","(-0.227548, -0.797822, -0.558303)","(0.240577, -0.817755, -0.522877)"
9.140717,"(0.186392, 0.948251, 0.257055)","(-0.080339, -0.773645, 0.628506)","(0.32487, -0.667889, -0.669615)","(0.535888, 0.603877, 0.590048)","(0.197516, -0.452021, 0.869865)","(-0.070385, -0.858467, 0.508016)","(-0.150026, -0.893935, 0.422342)","(-0.159678, -0.815568, -0.556194)","(0.201837, -0.853171, -0.481001)"
9.180535,"(0.176474, 0.95113, 0.253395)","(0.010979, -0.740153, 0.672349)","(0.286214, -0.602077, -0.745376)","(0.612624, 0.567912, 0.549698)","(0.39957, -0.565106, 0.721803)","(-0.110576, -0.863019, 0.492922)","(-0.142782, -0.916779, 0.373)","(-0.080346, -0.837027, -0.541231)","(0.157294, -0.88902, -0.430002)"
9.216504,"(0.163849, 0.955003, 0.247231)","(0.102621, -0.693884, 0.712737)","(0.260431, -0.536801, -0.802509)","(0.678959, 0.546149, 0.490649)","(0.575792, -0.584743, 0.571437)","(-0.146683, -0.860195, 0.488415)","(-0.133161, -0.935194, 0.328148)","(0.005478, -0.854945, -0.51869)","(0.113791, -0.916408, -0.383728)"
9.23454,"(0.156914, 0.957178, 0.243287)","(0.147943, -0.668327, 0.729008)","(0.252592, -0.503992, -0.825948)","(0.704736, 0.542773, 0.456886)","(0.64924, -0.565394, 0.508741)","(-0.1611, -0.856381, 0.49057)","(-0.129767, -0.941205, 0.311919)","(0.050808, -0.859971, -0.507807)","(0.095064, -0.925034, -0.367798)"
9.270823,"(0.141239, 0.962147, 0.233077)","(0.236284, -0.604062, 0.761104)","(0.247624, -0.437607, -0.864397)","(0.746505, 0.547381, 0.378292)","(0.772282, -0.487394, 0.407466)","(-0.190737, -0.843397, 0.502297)","(-0.124357, -0.947176, 0.295624)","(0.132348, -0.86004, -0.492763)","(0.06835, -0.933019, -0.353276)"
9.306934,"(0.123471, 0.967796, 0.219376)","(0.328659, -0.531526, 0.780681)","(0.260702, -0.376213, -0.8891)","(0.772247, 0.561959, 0.296371)","(0.857358, -0.383033, 0.343835)","(-0.232532, -0.818947, 0.524647)","(-0.115294, -0.944923, 0.306314)","(0.20018, -0.851033, -0.48546)","(0.055125, -0.928256, -0.367834)"
9.342919,"(0.103684, 0.974025, 0.201308)","(0.42252, -0.446422, 0.788787)","(0.291611, -0.323151, -0.900298)","(0.786592, 0.578887, 0.214856)","(0.906594, -0.275505, 0.319662)","(-0.289287, -0.783668, 0.549707)","(-0.095872, -0.935688, 0.339553)","(0.275164, -0.835567, -0.475513)","(0.040275, -0.910378, -0.411812)"
9.378857,"(0.081986, 0.980675, 0.177636)","(0.517046, -0.349481, 0.781362)","(0.338544, -0.282136, -0.897657)","(0.793411, 0.592738, 0.138421)","(0.927191, -0.177171, 0.330042)","(-0.356267, -0.741345, 0.568755)","(-0.056266, -0.9224, 0.382117)","(0.356998, -0.815083, -0.456281)","(0.010837, -0.881003, -0.472987)"
9.414876,"(0.058793, 0.987384, 0.147026)","(0.604585, -0.25312, 0.755253)","(0.395438, -0.251495, -0.883391)","(0.796403, 0.601741, 0.060421)","(0.931108, -0.081064, 0.355622)","(-0.423664, -0.697315, 0.578153)","(0.006688, -0.909202, 0.416302)","(0.433463, -0.794743, -0.424845)","(-0.042475, -0.845877, -0.531685)"
9.450944,"(0.034112, 0.993648, 0.107235)","(0.681387, -0.1733, 0.711111)","(0.456515, -0.239746, -0.856806)","(0.79923, 0.600645, -0.021397)","(0.922292, 0.008055, 0.386411)","(-0.480959, -0.656756, 0.580819)","(0.080791, -0.899635, 0.429103)","(0.493573, -0.78052, -0.383633)","(-0.107716, -0.812866, -0.572405)"
9.469003,"(0.021438, 0.996282, 0.083447)","(0.71477, -0.144699, 0.684227)","(0.48606, -0.245142, -0.838839)","(0.801892, 0.594236, -0.062073)","(0.914152, 0.045566, 0.402803)","(-0.502755, -0.639645, 0.581457)","(0.114895, -0.896508, 0.427869)","(0.514694, -0.777014, -0.362408)","(-0.136469, -0.800105, -0.584131)"
9.504975,"(-0.004299, 0.999515, 0.030835)","(0.772306, -0.113069, 0.625107)","(0.543028, -0.273799, -0.793823)","(0.81005, 0.570258, -0.136475)","(0.891862, 0.106125, 0.439681)","(-0.53215, -0.610958, 0.586129)","(0.166413, -0.893817, 0.41641)","(0.54174, -0.77965, -0.314109)","(-0.171475, -0.784108, -0.596465)"
9.540872,"(-0.030309, 0.999419, -0.01562)","(0.819074, -0.11597, 0.561844)","(0.590399, -0.328049, -0.737436)","(0.824846, 0.531031, -0.194)","(0.866368, 0.136831, 0.480295)","(-0.525741, -0.622007, 0.580262)","(0.187097, -0.892007, 0.411483)","(0.529825, -0.77379, -0.347181)","(-0.192613, -0.788313, -0.584348)"
9.57687,"(-0.056036, 0.997755, -0.036679)","(0.854204, -0.147394, 0.498609)","(0.62348, -0.403457, -0.669698)","(0.848796, 0.479201, -0.223411)","(0.842732, 0.127703, 0.522968)","(-0.49024, -0.65981, 0.569487)","(0.182267, -0.89415, 0.408991)","(0.483692, -0.76858, -0.418721)","(-0.192469, -0.80859, -0.556001)"
9.612718,"(-0.08081, 0.996292, -0.029539)","(0.881174, -0.205374, 0.425856)","(0.644723, -0.484244, -0.591473)","(0.88193, 0.415692, -0.222262)","(0.820686, 0.079325, 0.565847)","(-0.436027, -0.704663, 0.559759)","(0.158087, -0.902254, 0.401181)","(0.405152, -0.775134, -0.484787)","(-0.165069, -0.838909, -0.518637)"
9.648786,"(-0.104625, 0.994495, 0.005808)","(0.88626, -0.273273, 0.373985)","(0.655495, -0.561561, -0.504952)","(0.920128, 0.341648, -0.191421)","(0.796831, -0.000387, 0.604202)","(-0.367917, -0.752488, 0.546259)","(0.122319, -0.914751, 0.385058)","(0.297017, -0.791267, -0.534488)","(-0.120726, -0.873794, -0.471073)"
9.684617,"(-0.126904, 0.990332, 0.056026)","(0.860996, -0.348263, 0.370673)","(0.662036, -0.621524, -0.418827)","(0.954283, 0.266859, -0.134649)","(0.762473, -0.097143, 0.639686)","(-0.296947, -0.797979, 0.524454)","(0.088444, -0.927881, 0.362235)","(0.176986, -0.810921, -0.557749)","(-0.074847, -0.905301, -0.418126)"
9.702759,"(-0.137283, 0.987282, 0.080171)","(0.837927, -0.384694, 0.387156)","(0.666764, -0.642501, -0.377649)","(0.96772, 0.232232, -0.097909)","(0.739206, -0.145409, 0.657594)","(-0.26484, -0.818333, 0.510089)","(0.075218, -0.933193, 0.351417)","(0.116573, -0.819739, -0.560749)","(-0.054391, -0.917575, -0.393824)"
9.738596,"(-0.156603, 0.980024, 0.12259)","(0.770603, -0.453666, 0.447614)","(0.681623, -0.667587, -0.299529)","(0.984752, 0.173358, -0.014517)","(0.680341, -0.230004, 0.69587)","(-0.2125, -0.855316, 0.472523)","(0.058025, -0.939167, 0.338523)","(0.000096, -0.831075, -0.55616)","(-0.019422, -0.933346, -0.358452)"
9.774711,"(-0.173546, 0.972477, 0.155469)","(0.672957, -0.520259, 0.525795)","(0.702347, -0.674182, -0.228447)","(0.988137, 0.138245, 0.066889)","(0.61156, -0.283523, 0.738654)","(-0.174051, -0.882098, 0.437732)","(0.050462, -0.936984, 0.345708)","(-0.083673, -0.831989, -0.548446)","(0.00656, -0.937939, -0.346739)"
9.811158,"(-0.188376, 0.965239, 0.181186)","(0.536397, -0.593735, 0.599797)","(0.7252, -0.668945, -0.163088)","(0.981852, 0.137465, 0.130649)","(0.538941, -0.294852, 0.789053)","(-0.132796, -0.893814, 0.428324)","(0.040083, -0.925306, 0.377096)","(-0.135711, -0.824354, -0.549566)","(0.033558, -0.932899, -0.358572)"
9.847136,"(-0.200816, 0.958792, 0.200976)","(0.359653, -0.673956, 0.645316)","(0.747572, -0.655939, -0.104306)","(0.969851, 0.174108, 0.170517)","(0.466961, -0.258231, 0.845733)","(-0.085517, -0.897063, 0.433549)","(0.020816, -0.905467, 0.423907)","(-0.181281, -0.806757, -0.562389)","(0.071341, -0.916674, -0.393218)"
9.883248,"(-0.210734, 0.953392, 0.215953)","(0.153443, -0.754277, 0.638374)","(0.767541, -0.639179, -0.048276)","(0.949529, 0.235824, 0.206839)","(0.394542, -0.179698, 0.901136)","(-0.03545, -0.893825, 0.447012)","(-0.004641, -0.880478, 0.474065)","(-0.223817, -0.783169, -0.580131)","(0.120754, -0.891462, -0.436709)"
9.901519,"(-0.2148, 0.951086, 0.222027)","(0.044994, -0.790983, 0.610182)","(0.773321, -0.633836, -0.015025)","(0.932956, 0.267624, 0.24077)","(0.352913, -0.12367, 0.927447)","(-0.011029, -0.890926, 0.454015)","(-0.018513, -0.867895, 0.496403)","(-0.243736, -0.771092, -0.588226)","(0.146915, -0.876816, -0.457831)"
9.937521,"(-0.221148, 0.947301, 0.231763)","(-0.169022, -0.858534, 0.484099)","(0.768306, -0.636888, 0.063878)","(0.877811, 0.322238, 0.354417)","(0.262983, 0.018004, 0.964633)","(0.033376, -0.8848, 0.464773)","(-0.041948, -0.84589, 0.531706)","(-0.27672, -0.75132, -0.59912)","(0.195282, -0.847476, -0.493608)"
9.973361,"(-0.225072, 0.94466, 0.238666)","(-0.353299, -0.898883, 0.259209)","(0.729733, -0.669935, 0.136665)","(0.777052, 0.327697, 0.537406)","(0.17809, 0.191752, 0.96515)","(0.068213, -0.880957, 0.468255)","(-0.051562, -0.831695, 0.552833)","(-0.294007, -0.742834, -0.601463)","(0.232162, -0.823993, -0.516852)"
10.00937,"(-0.226554, 0.943129, 0.243273)","(-0.476618, -0.878638, -0.028823)","(0.648472, -0.725443, 0.230689)","(0.602548, 0.229635, 0.764332)","(0.106883, 0.371693, 0.922182)","(0.096836, -0.87828, 0.468238)","(-0.041479, -0.826328, 0.56166)","(-0.286227, -0.74548, -0.601941)","(0.262015, -0.808897, -0.52634)"
